model,calibration,metric,mean,ci_low,ci_high
cnn,conformal_class_conditional,coverage,0.5402,0.2172,0.9356
cnn,conformal_class_conditional,mean_set_size,1.555,0.8134,2.3862
cnn,conformal_marginal,coverage,0.9375,0.6213,1.0
cnn,conformal_marginal,mean_set_size,2.4807,1.3216,2.9937
cnn,isotonic,accuracy,0.4075,0.1923,0.6445
cnn,isotonic,aurc,0.5094,0.237,0.8618
cnn,isotonic,auto_error@1%,0.4566,0.0,1.0
cnn,isotonic,auto_error@5%,0.4913,0.0,1.0
cnn,isotonic,auto_rate@1%,0.3548,0.0,0.9587
cnn,isotonic,auto_rate@5%,0.4704,0.0,0.9875
cnn,isotonic,ece,0.3049,0.0692,0.5846
cnn,isotonic,oracle_auto_rate@1%,0.0411,0.0,0.2169
cnn,isotonic,oracle_auto_rate@5%,0.05,0.0,0.226
cnn,raw,accuracy,0.4323,0.1649,0.7064
cnn,raw,aurc,0.4754,0.1703,0.8695
cnn,raw,auto_error@1%,0.3409,0.0,1.0
cnn,raw,auto_error@5%,0.3651,0.0,1.0
cnn,raw,auto_rate@1%,0.0907,0.0,0.6219
cnn,raw,auto_rate@5%,0.121,0.0,0.7583
cnn,raw,ece,0.4425,0.1895,0.6923
cnn,raw,oracle_auto_rate@1%,0.085,0.0,0.3253
cnn,raw,oracle_auto_rate@5%,0.1046,0.0,0.3767
cnn,temperature,accuracy,0.4323,0.1649,0.7064
cnn,temperature,aurc,0.4749,0.1685,0.8633
cnn,temperature,auto_error@1%,0.3578,0.0,1.0
cnn,temperature,auto_error@5%,0.3846,0.0,1.0
cnn,temperature,auto_rate@1%,0.0956,0.0,0.656
cnn,temperature,auto_rate@5%,0.1289,0.0,0.8042
cnn,temperature,ece,0.187,0.0428,0.4004
cnn,temperature,oracle_auto_rate@1%,0.0842,0.0,0.3325
cnn,temperature,oracle_auto_rate@5%,0.1029,0.0,0.3772
