model,bearing,label,accuracy,mean_confidence
random_forest,K001,healthy,0.0,0.5294272892768982
random_forest,K002,healthy,0.0,0.5663665918449494
random_forest,K004,healthy,0.0,0.7904314911845259
random_forest,KA01,outer_race,0.0,0.4058694173155823
random_forest,KA03,outer_race,0.925,0.658538933364501
random_forest,KA05,outer_race,0.8734177215189873,0.806101546834283
random_forest,KA06,outer_race,1.0,0.9494735881442825
random_forest,KA07,outer_race,1.0,0.9030618120971994
random_forest,KA08,outer_race,1.0,0.9910335567252345
random_forest,KA09,outer_race,1.0,0.9632993485577395
random_forest,KI01,inner_race,0.375,0.48587189700116856
random_forest,KI03,inner_race,0.375,0.5255954376213026
random_forest,KI05,inner_race,0.75,0.6202089894817033
random_forest,KI07,inner_race,1.0,0.9352953693886298
random_forest,KI08,inner_race,0.9743589743589743,0.7886019992031302
svm,K001,healthy,0.0125,0.878999786749603
svm,K002,healthy,0.0,0.9051507887602275
svm,K004,healthy,0.0,0.9488764376905525
svm,KA01,outer_race,0.0,0.6461026714538225
svm,KA03,outer_race,0.0125,0.9146604131685698
svm,KA05,outer_race,0.9873417721518988,0.9279634950582444
svm,KA06,outer_race,1.0,0.986912524070824
svm,KA07,outer_race,1.0,0.9999660590991659
svm,KA08,outer_race,1.0,0.9999998268457894
svm,KA09,outer_race,1.0,0.9938469163078947
svm,KI01,inner_race,0.0,0.5081011788489297
svm,KI03,inner_race,0.0,0.5858507245690653
svm,KI05,inner_race,0.475,0.7772270704747621
svm,KI07,inner_race,0.9873417721518988,0.9759593268358033
svm,KI08,inner_race,0.9102564102564102,0.8836744679915606
xgboost,K001,healthy,0.25,0.6275860354304313
xgboost,K002,healthy,0.575,0.7479956582188606
xgboost,K004,healthy,0.0125,0.9092798300087452
xgboost,KA01,outer_race,0.9875,0.6907939098775386
xgboost,KA03,outer_race,0.85,0.8989213429391384
xgboost,KA05,outer_race,0.9493670886075949,0.9389159430431414
xgboost,KA06,outer_race,0.9875,0.9930699206888676
xgboost,KA07,outer_race,1.0,0.9836348701268435
xgboost,KA08,outer_race,1.0,0.9990525743629359
xgboost,KA09,outer_race,1.0,0.9966424892220316
xgboost,KI01,inner_race,0.6625,0.7198173739016056
xgboost,KI03,inner_race,0.5875,0.8474547494202852
xgboost,KI05,inner_race,0.775,0.9195628568530083
xgboost,KI07,inner_race,1.0,0.9964458406726017
xgboost,KI08,inner_race,0.9743589743589743,0.9807104246738629
