model,calibration,domain,accuracy,macro_f1,ece,brier,aurc,auto_rate@1%,auto_error@1%,oracle_auto_rate@1%,auto_rate@5%,auto_error@5%,oracle_auto_rate@5%
random_forest,raw,source_holdout,0.6582278481012658,0.5526695526695526,0.2053234786628247,0.32406148164984544,0.09495789031516728,,,,,,
random_forest,raw,target_real,0.737219730941704,0.7262012392168856,0.07878627133794415,0.3823852784543994,0.1521149828719244,0.0,,0.0017937219730941704,0.684304932735426,0.11795543905635648,0.0017937219730941704
random_forest,temperature,target_real,0.737219730941704,0.7262012392168856,0.0715646202905695,0.382467609626444,0.151881606305491,0.0,,0.0017937219730941704,0.6932735426008969,0.12160413971539456,0.0017937219730941704
random_forest,isotonic,target_real,0.7183856502242153,0.7106399970048463,0.20246956999588062,0.4867899170826153,0.16655018878504982,0.29237668161434976,0.16257668711656442,0.0,0.9721973094170404,0.2656826568265683,0.0
svm,raw,source_holdout,0.6244725738396625,0.5180124332832133,0.31566367351067526,0.6530054685419947,0.20202729399992997,,,,,,
svm,raw,target_real,0.7139013452914799,0.717551541092272,0.15547191421571616,0.45761693309965185,0.16929166497860834,0.016143497757847534,0.05555555555555555,0.012556053811659192,0.054708520179372194,0.21311475409836064,0.017937219730941704
svm,temperature,target_real,0.7139013452914799,0.717551541092272,0.11077764243384941,0.431109835519652,0.1656325148036621,0.016143497757847534,0.05555555555555555,0.012556053811659192,0.03228699551569507,0.1388888888888889,0.017937219730941704
svm,isotonic,target_real,0.6573991031390135,0.6576151993244419,0.21346199575393998,0.4927696696926163,0.13806462010435588,0.22152466367713006,0.15789473684210525,0.14080717488789238,0.8807174887892377,0.29429735234215887,0.14080717488789238
xgboost,raw,source_holdout,0.8565400843881856,0.8517022072577628,0.06819608518342932,0.22566105367909178,0.04241252282787657,,,,,,
xgboost,raw,target_real,0.695067264573991,0.6871968263382889,0.22333934921854817,0.5236364389669034,0.14213408567251853,0.06098654708520179,0.029411764705882353,0.007174887892376682,0.6,0.17040358744394618,0.29775784753363227
xgboost,temperature,target_real,0.695067264573991,0.6871968263382889,0.16212665655297226,0.4741462920131494,0.1406748096385915,0.06278026905829596,0.02857142857142857,0.006278026905829596,0.5811659192825112,0.1558641975308642,0.29775784753363227
xgboost,isotonic,target_real,0.6645739910313901,0.6637002358870996,0.2878582119039774,0.6166207916141002,0.25090388824942034,0.4475336322869955,0.23847695390781562,0.0,0.9856502242152466,0.3293903548680619,0.0
