condition,model,bearing,acc,conf
N15_M07_F10,random_forest,K003,0.8764,0.8067
N15_M07_F10,random_forest,K005,0.8826,0.877
N15_M07_F10,random_forest,K006,0.7551,0.7751
N15_M07_F10,random_forest,KA04,0.9995,0.9941
N15_M07_F10,random_forest,KA15,0.025,0.8409
N15_M07_F10,random_forest,KA16,0.9689,0.9627
N15_M07_F10,random_forest,KA22,0.0674,0.839
N15_M07_F10,random_forest,KA30,0.7437,0.8284
N15_M07_F10,random_forest,KI04,1.0,0.9814
N15_M07_F10,random_forest,KI14,0.956,0.9378
N15_M07_F10,random_forest,KI16,0.3799,0.6943
N15_M07_F10,random_forest,KI17,0.3448,0.8224
N15_M07_F10,random_forest,KI18,1.0,0.987
N15_M07_F10,random_forest,KI21,0.6751,0.7949
N15_M07_F10,svm,K003,0.877,0.8454
N15_M07_F10,svm,K005,0.8718,0.8809
N15_M07_F10,svm,K006,0.6977,0.811
N15_M07_F10,svm,KA04,1.0,0.9998
N15_M07_F10,svm,KA15,0.0323,0.8368
N15_M07_F10,svm,KA16,1.0,0.9972
N15_M07_F10,svm,KA22,0.072,0.8338
N15_M07_F10,svm,KA30,0.7566,0.8377
N15_M07_F10,svm,KI04,0.971,0.9326
N15_M07_F10,svm,KI14,0.9648,0.9464
N15_M07_F10,svm,KI16,0.4395,0.7646
N15_M07_F10,svm,KI17,0.4063,0.8437
N15_M07_F10,svm,KI18,0.8,0.9128
N15_M07_F10,svm,KI21,0.7812,0.835
N15_M07_F10,xgboost,K003,0.9107,0.9251
N15_M07_F10,xgboost,K005,0.8639,0.9422
N15_M07_F10,xgboost,K006,0.7676,0.8982
N15_M07_F10,xgboost,KA04,0.9985,0.9974
N15_M07_F10,xgboost,KA15,0.0328,0.9209
N15_M07_F10,xgboost,KA16,0.9748,0.9842
N15_M07_F10,xgboost,KA22,0.0708,0.9267
N15_M07_F10,xgboost,KA30,0.7265,0.9196
N15_M07_F10,xgboost,KI04,0.9998,0.9976
N15_M07_F10,xgboost,KI14,0.9289,0.9735
N15_M07_F10,xgboost,KI16,0.4048,0.8615
N15_M07_F10,xgboost,KI17,0.2948,0.9396
N15_M07_F10,xgboost,KI18,1.0,0.9979
N15_M07_F10,xgboost,KI21,0.7465,0.9124
N09_M07_F10,random_forest,K003,0.6949,0.6191
N09_M07_F10,random_forest,K005,0.6171,0.6539
N09_M07_F10,random_forest,K006,0.5121,0.6503
N09_M07_F10,random_forest,KA04,0.9742,0.9838
N09_M07_F10,random_forest,KA15,0.2828,0.6441
N09_M07_F10,random_forest,KA16,0.9998,0.9972
N09_M07_F10,random_forest,KA22,0.2145,0.646
N09_M07_F10,random_forest,KA30,0.3933,0.6847
N09_M07_F10,random_forest,KI04,1.0,0.9834
N09_M07_F10,random_forest,KI14,0.2779,0.6606
N09_M07_F10,random_forest,KI16,0.2379,0.6441
N09_M07_F10,random_forest,KI17,0.3045,0.6511
N09_M07_F10,random_forest,KI18,0.9968,0.9417
N09_M07_F10,random_forest,KI21,0.9926,0.9282
N09_M07_F10,svm,K003,0.678,0.6241
N09_M07_F10,svm,K005,0.5312,0.6697
N09_M07_F10,svm,K006,0.4696,0.6696
N09_M07_F10,svm,KA04,0.9726,0.9769
N09_M07_F10,svm,KA15,0.3043,0.6545
N09_M07_F10,svm,KA16,0.9907,0.9395
N09_M07_F10,svm,KA22,0.1931,0.6662
N09_M07_F10,svm,KA30,0.3883,0.7053
N09_M07_F10,svm,KI04,0.9919,0.94
N09_M07_F10,svm,KI14,0.3373,0.6658
N09_M07_F10,svm,KI16,0.2918,0.6608
N09_M07_F10,svm,KI17,0.3211,0.6591
N09_M07_F10,svm,KI18,1.0,0.956
N09_M07_F10,svm,KI21,0.9906,0.9359
N09_M07_F10,xgboost,K003,0.6194,0.7846
N09_M07_F10,xgboost,K005,0.593,0.809
N09_M07_F10,xgboost,K006,0.5043,0.8055
N09_M07_F10,xgboost,KA04,0.9739,0.9931
N09_M07_F10,xgboost,KA15,0.302,0.7931
N09_M07_F10,xgboost,KA16,1.0,0.9993
N09_M07_F10,xgboost,KA22,0.2176,0.797
N09_M07_F10,xgboost,KA30,0.3932,0.8203
N09_M07_F10,xgboost,KI04,1.0,0.9979
N09_M07_F10,xgboost,KI14,0.2983,0.8047
N09_M07_F10,xgboost,KI16,0.2711,0.7876
N09_M07_F10,xgboost,KI17,0.3024,0.7988
N09_M07_F10,xgboost,KI18,0.9858,0.9854
N09_M07_F10,xgboost,KI21,0.9976,0.9866
N15_M01_F10,random_forest,K003,0.9581,0.8241
N15_M01_F10,random_forest,K005,0.8604,0.8935
N15_M01_F10,random_forest,K006,0.8864,0.787
N15_M01_F10,random_forest,KA04,1.0,0.9932
N15_M01_F10,random_forest,KA15,0.0094,0.8884
N15_M01_F10,random_forest,KA16,1.0,0.9934
N15_M01_F10,random_forest,KA22,0.0005,0.8897
N15_M01_F10,random_forest,KA30,0.6998,0.7709
N15_M01_F10,random_forest,KI04,1.0,0.9959
N15_M01_F10,random_forest,KI14,0.947,0.9222
N15_M01_F10,random_forest,KI16,0.4714,0.7078
N15_M01_F10,random_forest,KI17,0.2368,0.8105
N15_M01_F10,random_forest,KI18,0.9995,0.9909
N15_M01_F10,random_forest,KI21,0.7851,0.7955
N15_M01_F10,svm,K003,0.9373,0.9065
N15_M01_F10,svm,K005,0.8445,0.8823
N15_M01_F10,svm,K006,0.7768,0.8115
N15_M01_F10,svm,KA04,1.0,0.9937
N15_M01_F10,svm,KA15,0.0045,0.889
N15_M01_F10,svm,KA16,1.0,0.996
N15_M01_F10,svm,KA22,0.0,0.8966
N15_M01_F10,svm,KA30,0.6877,0.7973
N15_M01_F10,svm,KI04,0.9969,0.9413
N15_M01_F10,svm,KI14,0.9455,0.9274
N15_M01_F10,svm,KI16,0.6218,0.7347
N15_M01_F10,svm,KI17,0.3131,0.8373
N15_M01_F10,svm,KI18,0.8436,0.8888
N15_M01_F10,svm,KI21,0.8923,0.8664
N15_M01_F10,xgboost,K003,0.9406,0.9556
N15_M01_F10,xgboost,K005,0.8352,0.9476
N15_M01_F10,xgboost,K006,0.8573,0.9287
N15_M01_F10,xgboost,KA04,0.9963,0.9977
N15_M01_F10,xgboost,KA15,0.0133,0.9471
N15_M01_F10,xgboost,KA16,0.9974,0.9982
N15_M01_F10,xgboost,KA22,0.0,0.9571
N15_M01_F10,xgboost,KA30,0.6725,0.8891
N15_M01_F10,xgboost,KI04,1.0,0.9998
N15_M01_F10,xgboost,KI14,0.9343,0.9654
N15_M01_F10,xgboost,KI16,0.5819,0.8659
N15_M01_F10,xgboost,KI17,0.2933,0.9162
N15_M01_F10,xgboost,KI18,1.0,0.9982
N15_M01_F10,xgboost,KI21,0.8405,0.9216
N15_M07_F04,random_forest,K003,0.5989,0.7061
N15_M07_F04,random_forest,K005,0.5458,0.6913
N15_M07_F04,random_forest,K006,0.0725,0.781
N15_M07_F04,random_forest,KA04,0.9994,0.9689
N15_M07_F04,random_forest,KA15,0.4214,0.7057
N15_M07_F04,random_forest,KA16,0.9844,0.9104
N15_M07_F04,random_forest,KA22,0.149,0.7006
N15_M07_F04,random_forest,KA30,0.0823,0.8204
N15_M07_F04,random_forest,KI04,1.0,0.9859
N15_M07_F04,random_forest,KI14,0.9832,0.9551
N15_M07_F04,random_forest,KI16,0.814,0.8092
N15_M07_F04,random_forest,KI17,0.6282,0.7673
N15_M07_F04,random_forest,KI18,0.9886,0.9465
N15_M07_F04,random_forest,KI21,0.9902,0.9481
N15_M07_F04,svm,K003,0.5082,0.6807
N15_M07_F04,svm,K005,0.511,0.7114
N15_M07_F04,svm,K006,0.0521,0.8425
N15_M07_F04,svm,KA04,1.0,0.9882
N15_M07_F04,svm,KA15,0.3865,0.7273
N15_M07_F04,svm,KA16,1.0,0.9811
N15_M07_F04,svm,KA22,0.1558,0.7255
N15_M07_F04,svm,KA30,0.0832,0.8469
N15_M07_F04,svm,KI04,0.9975,0.9107
N15_M07_F04,svm,KI14,0.9893,0.955
N15_M07_F04,svm,KI16,0.7879,0.8416
N15_M07_F04,svm,KI17,0.7405,0.728
N15_M07_F04,svm,KI18,0.8,0.8018
N15_M07_F04,svm,KI21,0.9964,0.9607
N15_M07_F04,xgboost,K003,0.5749,0.8218
N15_M07_F04,xgboost,K005,0.528,0.8372
N15_M07_F04,xgboost,K006,0.1182,0.898
N15_M07_F04,xgboost,KA04,0.9929,0.9828
N15_M07_F04,xgboost,KA15,0.424,0.8367
N15_M07_F04,xgboost,KA16,0.9865,0.9755
N15_M07_F04,xgboost,KA22,0.1593,0.8275
N15_M07_F04,xgboost,KA30,0.0926,0.9042
N15_M07_F04,xgboost,KI04,1.0,0.9985
N15_M07_F04,xgboost,KI14,0.9781,0.9861
N15_M07_F04,xgboost,KI16,0.8561,0.936
N15_M07_F04,xgboost,KI17,0.6349,0.9136
N15_M07_F04,xgboost,KI18,0.9974,0.9954
N15_M07_F04,xgboost,KI21,0.9923,0.9847
