model,calibration,domain,accuracy,macro_f1,ece,brier,aurc,auto_rate@1%,auto_error@1%,oracle_auto_rate@1%,auto_rate@5%,auto_error@5%,oracle_auto_rate@5%,calib_set
cnn_adabn,raw,source_holdout,0.6666666666666666,0.5555555555555555,0.2785582534683333,0.6056067235823309,0.21968611799755539,,,,,,,K001+KI01+KA01
cnn_adabn,raw,target_real,0.5085201793721973,0.5284671828509185,0.38039627304735424,0.8347184761691582,0.5297855011592018,0.06278026905829596,0.8,0.0008968609865470852,0.47533632286995514,0.4169811320754717,0.0008968609865470852,K001+KI01+KA01
cnn_adabn,temperature,target_real,0.5085201793721973,0.5284671828509185,0.2393428081848777,0.6711446886710607,0.5198758641485557,0.06995515695067264,0.7307692307692307,0.0026905829596412557,0.4547085201793722,0.4181459566074951,0.0026905829596412557,K001+KI01+KA01
cnn_adabn,isotonic,target_real,0.5040358744394619,0.5118610764036017,0.3447387664677029,0.7716702831385714,0.5076975822632035,0.051121076233183856,0.8245614035087719,0.0,0.051121076233183856,0.8245614035087719,0.0,K001+KI01+KA01
cnn_adabn,raw,source_holdout,0.3333333333333333,0.16666666666666666,0.5814934330858333,1.189864710412962,0.7526672101000617,,,,,,,K001+KI01+KA03
cnn_adabn,raw,target_real,0.6645739910313901,0.6770338880557811,0.24956585566152473,0.5780884799462903,0.34174847386225676,0.0,,0.0,0.0,,0.0,K001+KI01+KA03
cnn_adabn,temperature,target_real,0.6645739910313901,0.6770338880557811,0.26926181232020396,0.6084156098008493,0.33517122335903626,0.0,,0.0,0.0,,0.0,K001+KI01+KA03
cnn_adabn,isotonic,target_real,0.526457399103139,0.5241026716743665,0.37424555629343187,0.8052611486569693,0.35171072162793576,0.831390134529148,0.5372168284789643,0.0,0.831390134529148,0.5372168284789643,0.0,K001+KI01+KA03
cnn_adabn,raw,source_holdout,0.6652719665271967,0.5555555555555555,0.32795534038326346,0.6566700808700702,0.23650178264405625,,,,,,,K001+KI01+KA05
cnn_adabn,raw,target_real,0.47623318385650226,0.5032751975244936,0.4114593959164127,0.9299176018135896,0.5946677411541851,0.25739910313901343,0.5365853658536586,0.0008968609865470852,0.26188340807174887,0.5273972602739726,0.0008968609865470852,K001+KI01+KA05
cnn_adabn,temperature,target_real,0.47623318385650226,0.5032751975244936,0.23113102284692635,0.7231770397721715,0.5982118513984711,0.2681614349775785,0.5217391304347826,0.0,0.28340807174887894,0.5126582278481012,0.0,K001+KI01+KA05
cnn_adabn,isotonic,target_real,0.4896860986547085,0.46729986893089154,0.43654191082855104,0.9670919795853186,0.37974389021162,0.600896860986547,0.5686567164179105,0.0,0.7291479820627803,0.5436654366543665,0.0,K001+KI01+KA05
cnn_adabn,raw,source_holdout,0.6541666666666667,0.5491861288039632,0.36996141661750004,0.6856311261067793,0.6347043334012107,,,,,,,K001+KI01+KA06
cnn_adabn,raw,target_real,0.4852017937219731,0.5106697606697607,0.44738584152627814,0.923644203221532,0.581005712876358,0.0,,0.0,0.0,,0.0,K001+KI01+KA06
cnn_adabn,temperature,target_real,0.4852017937219731,0.5106697606697607,0.2861023648609151,0.71593687706963,0.5745841155165022,0.0,,0.0,0.0,,0.0,K001+KI01+KA06
cnn_adabn,isotonic,target_real,0.5273542600896861,0.5433315682303167,0.3166753608415894,0.7646682431925519,0.401508789402321,0.5174887892376682,0.584055459272097,0.0,0.5174887892376682,0.584055459272097,0.0,K001+KI01+KA06
cnn_adabn,raw,source_holdout,0.6666666666666666,0.5555555555555555,0.2889925541674999,0.6221846128253401,0.1873441456119015,,,,,,,K001+KI01+KA07
cnn_adabn,raw,target_real,0.45829596412556056,0.48914904672727716,0.44831527226403606,0.9645088849600306,0.6243268003862474,0.347085201793722,0.45219638242894056,0.0,0.35695067264573993,0.45226130653266333,0.0,K001+KI01+KA07
cnn_adabn,temperature,target_real,0.45829596412556056,0.48914904672727716,0.26401648197616656,0.7519378127676266,0.6279996042800421,0.3695067264573991,0.46116504854368934,0.0,0.41076233183856503,0.5043668122270742,0.0,K001+KI01+KA07
cnn_adabn,isotonic,target_real,0.4726457399103139,0.489159240835702,0.38436961514182966,0.9076838846309382,0.47760554965876983,0.5139013452914798,0.5584642233856894,0.0,0.7802690582959642,0.5436781609195402,0.0,K001+KI01+KA07
cnn_adabn,raw,source_holdout,0.6652719665271967,0.5555555555555555,0.31778448314476987,0.656598599066239,0.21988482405601617,,,,,,,K001+KI01+KA08
cnn_adabn,raw,target_real,0.48699551569506727,0.5108147024836173,0.4154182666956054,0.9227665447319989,0.6562688523807964,0.15784753363228698,0.7613636363636364,0.0,0.18295964125560538,0.7009803921568627,0.0,K001+KI01+KA08
cnn_adabn,temperature,target_real,0.48699551569506727,0.5108147024836173,0.23738763126498919,0.6947513215858326,0.6571805962673277,0.17847533632286997,0.7085427135678392,0.0,0.19641255605381167,0.6757990867579908,0.0,K001+KI01+KA08
cnn_adabn,isotonic,target_real,0.4260089686098655,0.3830116266022434,0.42599907070384985,1.0249529144863823,0.3874980608798134,0.6197309417040359,0.5890014471780028,0.0,0.9228699551569507,0.5587949465500486,0.0,K001+KI01+KA08
cnn_adabn,raw,source_holdout,0.6652719665271967,0.5555555555555555,0.3268353025292887,0.6663833211200404,0.22400072577201122,,,,,,,K001+KI01+KA09
cnn_adabn,raw,target_real,0.420627802690583,0.457582629657498,0.4910053598731839,1.0099529247510572,0.6027166061440881,0.1757847533632287,0.6836734693877551,0.0,0.18565022421524663,0.6570048309178744,0.0,K001+KI01+KA09
cnn_adabn,temperature,target_real,0.420627802690583,0.457582629657498,0.19542461476542605,0.6983677596963157,0.6011248397732153,0.18206278026905828,0.6699507389162561,0.0,0.20807174887892377,0.6163793103448276,0.0,K001+KI01+KA09
cnn_adabn,isotonic,target_real,0.39461883408071746,0.37040024835901614,0.4899914782642686,1.0406040857948589,0.37138844296454354,0.5165919282511211,0.4461805555555556,0.0,0.6986547085201794,0.5673940949935815,0.0,K001+KI01+KA09
cnn_adabn,raw,source_holdout,0.3333333333333333,0.2222222222222222,0.6436361689379166,1.2570254854676977,0.3739589829840977,,,,,,,K001+KI03+KA01
cnn_adabn,raw,target_real,0.5479820627802691,0.580991308713736,0.37352487221201786,0.8259296521669138,0.5396756892464099,0.13721973094170403,0.8235294117647058,0.0,0.13721973094170403,0.8235294117647058,0.0,K001+KI03+KA01
cnn_adabn,temperature,target_real,0.5479820627802691,0.580991308713736,0.19271156582654078,0.6362408732574222,0.5470153145084349,0.0,,0.0,0.0,,0.0,K001+KI03+KA01
cnn_adabn,isotonic,target_real,0.37130044843049326,0.33407623363594746,0.4494533851177748,1.0720347038613665,0.7225112880597574,0.42511210762331836,0.7236286919831224,0.0,0.9264573991031391,0.6185866408518877,0.0,K001+KI03+KA01
cnn_adabn,raw,source_holdout,0.3333333333333333,0.16666666666666666,0.6066213132641666,1.1943306655003922,0.7491438882048352,,,,,,,K001+KI03+KA03
cnn_adabn,raw,target_real,0.5775784753363229,0.6066935805468073,0.32408944988798205,0.6782085543840769,0.3718484866588169,0.0,,0.0,0.0,,0.0,K001+KI03+KA03
cnn_adabn,temperature,target_real,0.5775784753363229,0.6066935805468073,0.15067885137996367,0.591515106499377,0.3645813363851,0.0,,0.0,0.0,,0.0,K001+KI03+KA03
cnn_adabn,isotonic,target_real,0.5973094170403588,0.5959314127206014,0.27053936970633574,0.7272291020067634,0.29554894038919644,0.7533632286995515,0.430952380952381,0.0,0.7946188340807175,0.44808126410835214,0.0,K001+KI03+KA03
cnn_adabn,raw,source_holdout,0.3305439330543933,0.1965174129353234,0.5226896612334727,1.1024621088029147,0.7669282638513135,,,,,,,K001+KI03+KA05
cnn_adabn,raw,target_real,0.5497757847533632,0.5798621395694843,0.3394824343802691,0.8288957202859225,0.5972349845934233,0.0,,0.0,0.0,,0.0,K001+KI03+KA05
cnn_adabn,temperature,target_real,0.5497757847533632,0.5798621395694843,0.190987108852651,0.6529698208612575,0.5907388994085788,0.0,,0.0,0.0,,0.0,K001+KI03+KA05
cnn_adabn,isotonic,target_real,0.4304932735426009,0.41943929005116676,0.26675468803441676,0.7127926668986077,0.48369093723597834,0.5112107623318386,0.4631578947368421,0.0,0.5246636771300448,0.46153846153846156,0.0,K001+KI03+KA05
cnn_adabn,raw,source_holdout,0.3333333333333333,0.2222222222222222,0.6206643718433335,1.1891860642273286,0.692396019778392,,,,,,,K001+KI03+KA06
cnn_adabn,raw,target_real,0.5031390134529148,0.5317482974158038,0.40953466811910305,0.8523049868874799,0.47014828852976653,0.0,,0.0026905829596412557,0.0,,0.0026905829596412557,K001+KI03+KA06
cnn_adabn,temperature,target_real,0.5031390134529148,0.5317482974158038,0.1018859098574323,0.6135959083443857,0.47303900421154776,0.0,,0.0026905829596412557,0.0,,0.0026905829596412557,K001+KI03+KA06
cnn_adabn,isotonic,target_real,0.5309417040358745,0.5534772793145626,0.21191000685715283,0.6587385080721881,0.44145019371576344,0.6017937219730942,0.4038748137108793,0.0,0.6017937219730942,0.4038748137108793,0.0,K001+KI03+KA06
cnn_adabn,raw,source_holdout,0.3333333333333333,0.2222222222222222,0.605997724455,1.1393685623054037,0.40412309549948894,,,,,,,K001+KI03+KA07
cnn_adabn,raw,target_real,0.5318385650224215,0.5664639485091894,0.38692895463255594,0.8559662907025672,0.5873436280403089,0.18385650224215247,0.7268292682926829,0.0,0.18385650224215247,0.7268292682926829,0.0,K001+KI03+KA07
cnn_adabn,temperature,target_real,0.5318385650224215,0.5664639485091894,0.17407676346269735,0.645885029426166,0.6046800490424635,0.18565022421524663,0.7246376811594203,0.0,0.2062780269058296,0.6739130434782609,0.0,K001+KI03+KA07
cnn_adabn,isotonic,target_real,0.4170403587443946,0.39295925092105605,0.32821220986477195,0.870255268470985,0.6579180966903739,0.2609865470852018,0.711340206185567,0.0,0.8502242152466367,0.5622362869198312,0.0,K001+KI03+KA07
cnn_adabn,raw,source_holdout,0.3305439330543933,0.22128851540616246,0.595234288504184,1.18738229190622,0.746245473449637,,,,,,,K001+KI03+KA08
cnn_adabn,raw,target_real,0.4717488789237668,0.5020977598658406,0.41465630382089685,0.9153767934583524,0.5942492178037141,0.0,,0.0017937219730941704,0.0,,0.0017937219730941704,K001+KI03+KA08
cnn_adabn,temperature,target_real,0.4717488789237668,0.5020977598658406,0.19892077605537448,0.6550687677659219,0.6095404258070803,0.0,,0.0017937219730941704,0.0,,0.0017937219730941704,K001+KI03+KA08
cnn_adabn,isotonic,target_real,0.35336322869955156,0.3398846796884964,0.3438845337959178,0.744932115982647,0.5253334570289321,0.5282511210762332,0.4601018675721562,0.0,0.5282511210762332,0.4601018675721562,0.0,K001+KI03+KA08
cnn_adabn,raw,source_holdout,0.3305439330543933,0.22128851540616246,0.5654972283246862,1.0646354691526223,0.4939897089929757,,,,,,,K001+KI03+KA09
cnn_adabn,raw,target_real,0.45829596412556056,0.4940275885841368,0.43604693446161435,0.9315729221022931,0.6381449740151525,0.15605381165919283,0.7011494252873564,0.0,0.15605381165919283,0.7011494252873564,0.0,K001+KI03+KA09
cnn_adabn,temperature,target_real,0.45829596412556056,0.4940275885841368,0.17701953766952402,0.6612380475918304,0.6473410821066344,0.0,,0.0,0.0,,0.0,K001+KI03+KA09
cnn_adabn,isotonic,target_real,0.3901345291479821,0.38320248368652216,0.4214764032540561,0.9266481427523466,0.6447902924906905,0.8547085201793722,0.5918153200419727,0.0,0.8771300448430494,0.6022494887525562,0.0,K001+KI03+KA09
cnn_adabn,raw,source_holdout,0.3333333333333333,0.3333333333333333,0.6653524907854167,1.3288902298804723,0.32185095947850245,,,,,,,K001+KI05+KA01
cnn_adabn,raw,target_real,0.45201793721973094,0.4922208578369252,0.4580733554498655,0.9541005130627971,0.45339321942975624,0.10852017937219731,0.24793388429752067,0.036771300448430494,0.14349775784753363,0.29375,0.04484304932735426,K001+KI05+KA01
cnn_adabn,temperature,target_real,0.45201793721973094,0.4922208578369252,0.05322721764894125,0.6298892299185794,0.45760364522750613,0.11748878923766816,0.29770992366412213,0.03856502242152467,0.14798206278026907,0.30303030303030304,0.04484304932735426,K001+KI05+KA01
cnn_adabn,isotonic,target_real,0.44663677130044843,0.4446845549013016,0.14597654511795627,0.7388341184232249,0.4034000670853511,0.13183856502242153,0.2108843537414966,0.0,0.19103139013452916,0.3380281690140845,0.0,K001+KI05+KA01
cnn_adabn,raw,source_holdout,0.0,0.0,0.9753114968870833,1.9394913122570798,1.0,,,,,,,K001+KI05+KA03
cnn_adabn,raw,target_real,0.557847533632287,0.5889721459071021,0.3388972836065471,0.7723225605968677,0.3333174593662082,0.0,,0.07713004484304933,0.0,,0.10941704035874439,K001+KI05+KA03
cnn_adabn,temperature,target_real,0.557847533632287,0.5889721459071021,0.1496265413529667,0.6018177798881886,0.34092416950289417,0.0,,0.07802690582959641,0.0,,0.11390134529147983,K001+KI05+KA03
cnn_adabn,isotonic,target_real,0.4663677130044843,0.46221915893665694,0.08325814426422577,0.5184262173771876,0.27157104981870817,0.0,,0.19282511210762332,0.0,,0.19282511210762332,K001+KI05+KA03
cnn_adabn,raw,source_holdout,0.3305439330543933,0.3333333333333333,0.6545862259841005,1.3260892879562198,0.8754116507746231,,,,,,,K001+KI05+KA05
cnn_adabn,raw,target_real,0.35336322869955156,0.36338178165945734,0.5420209352082511,1.069040382056075,0.5193042155753156,0.0,,0.007174887892376682,0.0,,0.007174887892376682,K001+KI05+KA05
cnn_adabn,temperature,target_real,0.35336322869955156,0.36338178165945734,0.08197013047398216,0.6441288993212718,0.5216407713175912,0.0,,0.003587443946188341,0.0,,0.003587443946188341,K001+KI05+KA05
cnn_adabn,isotonic,target_real,0.27802690582959644,0.23771592749335327,0.2974796479462035,0.8588671625524253,0.6224744050822695,0.33721973094170404,0.7313829787234043,0.0,0.33721973094170404,0.7313829787234043,0.0,K001+KI05+KA05
cnn_adabn,raw,source_holdout,0.3333333333333333,0.3333333333333333,0.7210084700391666,1.3487333970343227,0.9360754719234462,,,,,,,K001+KI05+KA06
cnn_adabn,raw,target_real,0.46816143497757845,0.5025128048089345,0.4321016604131839,0.9046936703611188,0.5218896202734381,0.0,,0.0,0.0,,0.0,K001+KI05+KA06
cnn_adabn,temperature,target_real,0.46816143497757845,0.5025128048089345,0.10715790537910781,0.6206438709189347,0.5180991934551545,0.0,,0.0,0.0,,0.0,K001+KI05+KA06
cnn_adabn,isotonic,target_real,0.4439461883408072,0.37986131252142274,0.1504705110845799,0.6993916132572299,0.43961690120629443,0.4224215246636771,0.6751592356687898,0.0,0.4224215246636771,0.6751592356687898,0.0,K001+KI05+KA06
cnn_adabn,raw,source_holdout,0.3333333333333333,0.3333333333333333,0.6583676012112502,1.32492270680024,0.8214302998011045,,,,,,,K001+KI05+KA07
cnn_adabn,raw,target_real,0.4547085201793722,0.48621976785805593,0.4606082394030494,0.971073461244795,0.5413486223657406,0.0,,0.0,0.0,,0.0,K001+KI05+KA07
cnn_adabn,temperature,target_real,0.4547085201793722,0.48621976785805593,0.05671721434216653,0.6345399031825834,0.5361086885980401,0.0,,0.0,0.0,,0.0,K001+KI05+KA07
cnn_adabn,isotonic,target_real,0.5345291479820627,0.5408506776942832,0.1512997910328234,0.7193397104189735,0.3884145072455208,0.43946188340807174,0.5591836734693878,0.12376681614349776,0.43946188340807174,0.5591836734693878,0.12376681614349776,K001+KI05+KA07
cnn_adabn,raw,source_holdout,0.3305439330543933,0.3333333333333333,0.6897052467443514,1.3438456105475753,0.9369250098459511,,,,,,,K001+KI05+KA08
cnn_adabn,raw,target_real,0.4080717488789238,0.44637632176711123,0.4799152669908522,0.9999904974713367,0.4781631365613255,0.0,,0.034080717488789235,0.0,,0.04663677130044843,K001+KI05+KA08
cnn_adabn,temperature,target_real,0.4080717488789238,0.44637632176711123,0.06155228883677554,0.6344313319236097,0.4891186292091956,0.0,,0.028699551569506727,0.0,,0.036771300448430494,K001+KI05+KA08
cnn_adabn,isotonic,target_real,0.3757847533632287,0.3205331972521524,0.18567916635730952,0.7742184557413606,0.5406092213788943,0.3775784753363229,0.7553444180522565,0.0,0.3775784753363229,0.7553444180522565,0.0,K001+KI05+KA08
cnn_adabn,raw,source_holdout,0.3305439330543933,0.3333333333333333,0.6621708933426779,1.322175402499025,0.4222979933944309,,,,,,,K001+KI05+KA09
cnn_adabn,raw,target_real,0.4565022421524664,0.49802861584686764,0.4708892414480717,0.9905567683955934,0.5690237514036969,0.0,,0.0,0.0,,0.0,K001+KI05+KA09
cnn_adabn,temperature,target_real,0.4565022421524664,0.49802861584686764,0.08237508781090778,0.6363447876152446,0.5664389803507855,0.0,,0.0,0.0,,0.0,K001+KI05+KA09
cnn_adabn,isotonic,target_real,0.4717488789237668,0.4830104687671905,0.22648111504425525,0.7753623196816509,0.5127349195330885,0.31928251121076234,0.5646067415730337,0.0,0.31928251121076234,0.5646067415730337,0.0,K001+KI05+KA09
cnn_adabn,raw,source_holdout,0.6652719665271967,0.5503622058160896,0.0952533017924686,0.40525520247540325,0.13983347632673532,,,,,,,K001+KI07+KA01
cnn_adabn,raw,target_real,0.6080717488789238,0.6390901693824403,0.24867963999937218,0.7326367605894263,0.46405150462164907,0.6260089686098654,0.4355300859598854,0.0,0.7399103139013453,0.39636363636363636,0.0,K001+KI07+KA01
cnn_adabn,temperature,target_real,0.6080717488789238,0.6390901693824403,0.26547967065784056,0.727418784979739,0.4656803611087226,0.6582959641255606,0.4223433242506812,0.0,0.7721973094170403,0.3914053426248548,0.0,K001+KI07+KA01
cnn_adabn,isotonic,target_real,0.452914798206278,0.5055137932444351,0.4547222429801885,0.9111476012120517,0.47226467962854013,0.7201793721973094,0.43711083437110837,0.0,0.9838565022421525,0.5405651777575206,0.0,K001+KI07+KA01
cnn_adabn,raw,source_holdout,0.6359832635983264,0.5271534852373175,0.4212430408711298,0.7682617205203778,0.6920114101647927,,,,,,,K001+KI07+KA03
cnn_adabn,raw,target_real,0.6618834080717488,0.6768204152616306,0.18828872932852017,0.5694045129508514,0.3028280070365761,0.0,,0.010762331838565023,0.0,,0.010762331838565023,K001+KI07+KA03
cnn_adabn,temperature,target_real,0.6618834080717488,0.6768204152616306,0.2113283981282075,0.5610049630482918,0.29327139780325506,0.0,,0.015246636771300448,0.0,,0.015246636771300448,K001+KI07+KA03
cnn_adabn,isotonic,target_real,0.5883408071748879,0.6014064651097973,0.17573927041795528,0.6668326787172768,0.3986291190540724,0.3919282511210762,0.4073226544622426,0.0,0.3919282511210762,0.4073226544622426,0.0,K001+KI07+KA03
cnn_adabn,raw,source_holdout,0.48739495798319327,0.3872217991029872,0.2732490197378152,0.6416108402429003,0.27735908668801906,,,,,,,K001+KI07+KA05
cnn_adabn,raw,target_real,0.5434977578475336,0.5624959729848376,0.31772145050215245,0.8008738731013808,0.5588336199483186,0.4852017937219731,0.5138632162661737,0.0,0.5650224215246636,0.4984126984126984,0.0,K001+KI07+KA05
cnn_adabn,temperature,target_real,0.5434977578475336,0.5624959729848376,0.2661628961768623,0.7610075471935237,0.5620447862521588,0.5112107623318386,0.5070175438596491,0.0,0.6260089686098654,0.4899713467048711,0.0,K001+KI07+KA05
cnn_adabn,isotonic,target_real,0.41524663677130047,0.44215975328287677,0.4164023023119596,0.9757862457605341,0.6518628204104775,0.5883408071748879,0.5701219512195121,0.0,0.5883408071748879,0.5701219512195121,0.0,K001+KI07+KA05
cnn_adabn,raw,source_holdout,0.6694560669456067,0.5364525562165977,0.193782915041841,0.35182235237699055,0.06585530589653502,,,,,,,K001+KI07+KA06
cnn_adabn,raw,target_real,0.5506726457399103,0.5755639106662587,0.3177728852681614,0.7904601332391582,0.5870461335995405,0.6304932735426009,0.4793741109530583,0.0,0.9004484304932735,0.44322709163346613,0.0,K001+KI07+KA06
cnn_adabn,temperature,target_real,0.5506726457399103,0.5755639106662587,0.2873002097151499,0.7771909716192363,0.5877913796983804,0.6457399103139013,0.4722222222222222,0.0,0.9300448430493273,0.4474445515911283,0.0,K001+KI07+KA06
cnn_adabn,isotonic,target_real,0.44573991031390137,0.47160247454692783,0.505926362430948,1.101412682725453,0.7056722757755881,0.9811659192825112,0.5502742230347349,0.0,0.9811659192825112,0.5502742230347349,0.0,K001+KI07+KA06
cnn_adabn,raw,source_holdout,0.6694560669456067,0.5542532687399072,0.16711930576359832,0.505971890922884,0.16658715749082037,,,,,,,K001+KI07+KA07
cnn_adabn,raw,target_real,0.5650224215246636,0.5884593435461972,0.32199932648322876,0.7679393437647655,0.5460838395374823,0.5946188340807175,0.48114630467571645,0.0,0.6816143497757847,0.4421052631578947,0.0,K001+KI07+KA07
cnn_adabn,temperature,target_real,0.5650224215246636,0.5884593435461972,0.24935201336106821,0.734433524382317,0.5476709138741319,0.6681614349775785,0.4604026845637584,0.0,0.7605381165919283,0.4339622641509434,0.0,K001+KI07+KA07
cnn_adabn,isotonic,target_real,0.43766816143497755,0.45168139150784925,0.4668390333531979,0.9586460256499636,0.47166323418608375,0.7829596412556054,0.49713631156930127,0.0,0.7829596412556054,0.49713631156930127,0.0,K001+KI07+KA07
cnn_adabn,raw,source_holdout,0.6680672268907563,0.5564853556485355,0.1988354971277312,0.37481478682151104,0.07252793317010385,,,,,,,K001+KI07+KA08
cnn_adabn,raw,target_real,0.5183856502242152,0.5379747177021,0.393815084057399,0.8834844203896033,0.6285986251487775,0.7174887892376681,0.56,0.0,0.7677130044843049,0.544392523364486,0.0,K001+KI07+KA08
cnn_adabn,temperature,target_real,0.5183856502242152,0.5379747177021,0.38804482020659575,0.8639543463714171,0.6300102384760733,0.7434977578475336,0.5500603136308806,0.0,0.7838565022421524,0.5411899313501144,0.0,K001+KI07+KA08
cnn_adabn,isotonic,target_real,0.3937219730941704,0.3928152629577561,0.5345952472500118,1.07131712077964,0.6652285939608135,0.8017937219730942,0.5659955257270693,0.0,0.957847533632287,0.5945692883895131,0.0,K001+KI07+KA08
cnn_adabn,raw,source_holdout,0.6680672268907563,0.5564853556485355,0.11880292501722695,0.4014489988695339,0.15473043614842485,,,,,,,K001+KI07+KA09
cnn_adabn,raw,target_real,0.5004484304932736,0.5243603928393211,0.35016575326125565,0.8625777758220885,0.6226783951430949,0.4609865470852018,0.5389105058365758,0.0,0.6430493273542601,0.5216178521617852,0.0,K001+KI07+KA09
cnn_adabn,temperature,target_real,0.5004484304932736,0.5243603928393211,0.32317442197724433,0.8486569070283373,0.6229619765849036,0.4538116591928251,0.541501976284585,0.0,0.6618834080717488,0.524390243902439,0.0,K001+KI07+KA09
cnn_adabn,isotonic,target_real,0.4179372197309417,0.44496640504207213,0.4914228723646895,1.0197772607288003,0.5759616509707339,0.48161434977578477,0.4972067039106145,0.0,0.8071748878923767,0.5388888888888889,0.0,K001+KI07+KA09
cnn_adabn,raw,source_holdout,0.33613445378151263,0.22408963585434175,0.6041600839088235,1.1462355319102155,0.29878775502873384,,,,,,,K001+KI08+KA01
cnn_adabn,raw,target_real,0.4780269058295964,0.5035812752230663,0.5163937809813454,1.0217161383673028,0.5640698649833611,0.0,,0.0,0.41614349775784754,0.5775862068965517,0.0,K001+KI08+KA01
cnn_adabn,temperature,target_real,0.4780269058295964,0.5035812752230663,0.20191311669305775,0.67138271223472,0.5594769802186206,0.0,,0.0,0.4556053811659193,0.594488188976378,0.0,K001+KI08+KA01
cnn_adabn,isotonic,target_real,0.36233183856502243,0.35412246675014664,0.4384327734152289,1.0231418564389452,0.6632612652760493,0.7991031390134529,0.6105499438832772,0.0,0.8358744394618834,0.6105150214592274,0.0,K001+KI08+KA01
cnn_adabn,raw,source_holdout,0.0,0.0,0.7863094221743698,1.6225900119526333,1.0,,,,,,,K001+KI08+KA03
cnn_adabn,raw,target_real,0.6430493273542601,0.6674225984449874,0.28764338075596424,0.6469619245803919,0.44196479285864687,0.0,,0.0053811659192825115,0.0,,0.0053811659192825115,K001+KI08+KA03
cnn_adabn,temperature,target_real,0.6430493273542601,0.6674225984449874,0.24176214029638757,0.612549969433697,0.42342068973067054,0.0,,0.008968609865470852,0.0,,0.008968609865470852,K001+KI08+KA03
cnn_adabn,isotonic,target_real,0.4484304932735426,0.3981803133986263,0.12148286394212846,0.5463541777233836,0.356424461584229,0.0,,0.0,0.6071748878923767,0.6174298375184638,0.0,K001+KI08+KA03
cnn_adabn,raw,source_holdout,0.3333333333333333,0.21673525377229083,0.4706921056654009,1.0951642072614511,0.5190137903286856,,,,,,,K001+KI08+KA05
cnn_adabn,raw,target_real,0.36591928251121075,0.4079181932681102,0.514170506613722,1.0413589021875782,0.6159018355861351,0.0,,0.0008968609865470852,0.0,,0.0008968609865470852,K001+KI08+KA05
cnn_adabn,temperature,target_real,0.36591928251121075,0.4079181932681102,0.023429068641980525,0.662561833327319,0.5920334871388959,0.0,,0.0,0.0,,0.0,K001+KI08+KA05
cnn_adabn,isotonic,target_real,0.39103139013452914,0.3713520331493267,0.2246008828022126,0.8327142907722489,0.6421012765455976,0.0,,0.0,0.7766816143497758,0.6247113163972287,0.0,K001+KI08+KA05
cnn_adabn,raw,source_holdout,0.33613445378151263,0.22598870056497175,0.5485971609588236,1.1377202337137877,0.39326854844782494,,,,,,,K001+KI08+KA06
cnn_adabn,raw,target_real,0.42869955156950673,0.4645057193223976,0.5024567960222421,1.0316720568411977,0.5212067118630341,0.2681614349775785,0.5351170568561873,0.016143497757847534,0.26905829596412556,0.5366666666666666,0.023318385650224215,K001+KI08+KA06
cnn_adabn,temperature,target_real,0.42869955156950673,0.4645057193223976,0.058011337183386136,0.6315179275188024,0.4982156527110003,0.28161434977578476,0.5095541401273885,0.02242152466367713,0.2896860986547085,0.5108359133126935,0.030493273542600896,K001+KI08+KA06
cnn_adabn,isotonic,target_real,0.31210762331838565,0.34269748027238806,0.4285947408773485,1.027425352047655,0.5265205935783558,0.44035874439461886,0.5763747454175153,0.0,0.44035874439461886,0.5763747454175153,0.0,K001+KI08+KA06
cnn_adabn,raw,source_holdout,0.33613445378151263,0.24242424242424243,0.5103457424726893,1.0621210625793978,0.42938134225732905,,,,,,,K001+KI08+KA07
cnn_adabn,raw,target_real,0.4179372197309417,0.4553084484504098,0.5072469860387445,1.0667019564339233,0.5387277928285161,0.20986547085201793,0.44871794871794873,0.0,0.20986547085201793,0.44871794871794873,0.0,K001+KI08+KA07
cnn_adabn,temperature,target_real,0.4179372197309417,0.4553084484504098,0.07781803981385949,0.6497091213851076,0.5198994422987108,0.24035874439461882,0.417910447761194,0.0008968609865470852,0.25650224215246636,0.42657342657342656,0.0008968609865470852,K001+KI08+KA07
cnn_adabn,isotonic,target_real,0.3112107623318386,0.337479187730444,0.3849940014951049,0.9725095189723214,0.5552568159253052,0.3076233183856502,0.4956268221574344,0.0,0.3076233183856502,0.4956268221574344,0.0,K001+KI08+KA07
cnn_adabn,raw,source_holdout,0.3333333333333333,0.27008547008547007,0.4872464134902954,1.0885422129225928,0.6625917633438814,,,,,,,K001+KI08+KA08
cnn_adabn,raw,target_real,0.442152466367713,0.4673333333333333,0.46029937352188344,1.0207194693171393,0.5468865712898817,0.0,,0.007174887892376682,0.0,,0.007174887892376682,K001+KI08+KA08
cnn_adabn,temperature,target_real,0.442152466367713,0.4673333333333333,0.06844627476893927,0.6535902332296943,0.537188846929054,0.4358744394618834,0.5967078189300411,0.008968609865470852,0.4358744394618834,0.5967078189300411,0.008968609865470852,K001+KI08+KA08
cnn_adabn,isotonic,target_real,0.40717488789237666,0.4036212810121335,0.3629788022042431,1.004153145548785,0.4763693577341858,0.4062780269058296,0.5695364238410596,0.0,0.6412556053811659,0.5846153846153846,0.0,K001+KI08+KA08
cnn_adabn,raw,source_holdout,0.3333333333333333,0.2231638418079096,0.5261770896476794,1.0469200379290904,0.3077875831356612,,,,,,,K001+KI08+KA09
cnn_adabn,raw,target_real,0.3775784753363229,0.4192237083661159,0.5662029434109417,1.1481973863473833,0.5571947435198246,0.5399103139013453,0.5697674418604651,0.0017937219730941704,0.7031390134529149,0.6224489795918368,0.0017937219730941704,K001+KI08+KA09
cnn_adabn,temperature,target_real,0.3775784753363229,0.4192237083661159,0.04703064996804193,0.6616142669819691,0.5459332316155577,0.5488789237668161,0.576797385620915,0.0017937219730941704,0.7524663677130045,0.6030989272943981,0.0017937219730941704,K001+KI08+KA09
cnn_adabn,isotonic,target_real,0.3811659192825112,0.3920443989289489,0.4525131528232792,1.0594923572718515,0.5762774122989764,0.590134529147982,0.6398176291793313,0.0,0.6663677130044843,0.6083445491251682,0.0,K001+KI08+KA09
cnn_adabn,raw,source_holdout,0.6666666666666666,0.5555555555555555,0.43200354803333324,0.7251648340286302,0.2443144505104719,,,,,,,K002+KI01+KA01
cnn_adabn,raw,target_real,0.5273542600896861,0.5743578656923706,0.36266792103596407,0.8520140368655545,0.4605304284119878,0.12466367713004484,0.302158273381295,0.03766816143497758,0.14349775784753363,0.31875,0.06098654708520179,K002+KI01+KA01
cnn_adabn,temperature,target_real,0.5273542600896861,0.5743578656923706,0.15108930541045254,0.60295040351742,0.4441187844842811,0.13183856502242153,0.272108843537415,0.04304932735426009,0.14260089686098654,0.29559748427672955,0.06278026905829596,K002+KI01+KA01
cnn_adabn,isotonic,target_real,0.5327354260089686,0.5781981503233948,0.2717552769524873,0.7828001787826722,0.4366812853191508,0.23856502242152466,0.39849624060150374,0.0,0.23856502242152466,0.39849624060150374,0.0,K002+KI01+KA01
cnn_adabn,raw,source_holdout,0.3333333333333333,0.16666666666666666,0.7162031767016666,1.3477499028726307,0.9359218518065734,,,,,,,K002+KI01+KA03
cnn_adabn,raw,target_real,0.6412556053811659,0.6709979550042079,0.2769588391956054,0.6087961850980941,0.2671832885299596,0.0,,0.11390134529147983,0.0,,0.14887892376681613,K002+KI01+KA03
cnn_adabn,temperature,target_real,0.6412556053811659,0.6709979550042079,0.23467240127510341,0.5846490535404673,0.257660822874127,0.0,,0.11390134529147983,0.0,,0.14887892376681613,K002+KI01+KA03
cnn_adabn,isotonic,target_real,0.3040358744394619,0.23719230648420567,0.11043827210871399,0.6630694288936277,0.5158667900473421,0.0,,0.0,0.0,,0.0,K002+KI01+KA03
cnn_adabn,raw,source_holdout,0.497907949790795,0.4666666666666666,0.35024858869330544,0.8376673434751276,0.34057999494105606,,,,,,,K002+KI01+KA05
cnn_adabn,raw,target_real,0.5533632286995516,0.6018442515083846,0.3472392602184753,0.7946881273111384,0.46943877585074034,0.2242152466367713,0.388,0.0,0.24125560538116592,0.42379182156133827,0.0,K002+KI01+KA05
cnn_adabn,temperature,target_real,0.5533632286995516,0.6018442515083846,0.15460875174077865,0.5983689133582456,0.45603942579550094,0.22690582959641256,0.3794466403162055,0.0,0.24484304932735426,0.42124542124542125,0.0,K002+KI01+KA05
cnn_adabn,isotonic,target_real,0.5354260089686098,0.5806224039816008,0.30742056425834896,0.8059021361192162,0.41913472209342395,0.2304932735426009,0.377431906614786,0.0,0.611659192825112,0.5645161290322581,0.0,K002+KI01+KA05
cnn_adabn,raw,source_holdout,0.35,0.25396825396825395,0.5345137219704168,0.9749194527087975,0.7588108201360299,,,,,,,K002+KI01+KA06
cnn_adabn,raw,target_real,0.5336322869955157,0.5714401858995224,0.42665354116134524,0.8843407484986265,0.443843877730287,0.0,,0.05829596412556054,0.0,,0.07623318385650224,K002+KI01+KA06
cnn_adabn,temperature,target_real,0.5336322869955157,0.5714401858995224,0.1457426733775674,0.6252263673944416,0.4406557084131552,0.0,,0.060089686098654706,0.0,,0.07713004484304933,K002+KI01+KA06
cnn_adabn,isotonic,target_real,0.5336322869955157,0.5502499384519872,0.18549138433460877,0.7273587955901755,0.3632749853903593,0.4053811659192825,0.5641592920353983,0.14349775784753363,0.4053811659192825,0.5641592920353983,0.14349775784753363,K002+KI01+KA06
cnn_adabn,raw,source_holdout,0.6125,0.5301027900146843,0.40396311854416656,0.784702382073431,0.700704408474686,,,,,,,K002+KI01+KA07
cnn_adabn,raw,target_real,0.5452914798206278,0.5870726393974063,0.4033006189056502,0.8557667657292217,0.492338186542181,0.0,,0.0,0.0,,0.0,K002+KI01+KA07
cnn_adabn,temperature,target_real,0.5452914798206278,0.5870726393974063,0.17358672804827163,0.6260554963612538,0.46701914875568157,0.0,,0.0,0.0,,0.0,K002+KI01+KA07
cnn_adabn,isotonic,target_real,0.5614349775784754,0.5983208008823362,0.238974080678463,0.7398781727070416,0.27806305624394917,0.5937219730941704,0.4773413897280967,0.14349775784753363,0.5937219730941704,0.4773413897280967,0.14349775784753363,K002+KI01+KA07
cnn_adabn,raw,source_holdout,0.5271966527196653,0.47018431868789423,0.5040228769732218,0.9568684088297812,0.7538481690009912,,,,,,,K002+KI01+KA08
cnn_adabn,raw,target_real,0.46278026905829595,0.5256018397983945,0.44019646882591934,0.9020824846626626,0.39470399623052826,0.0,,0.030493273542600896,0.0,,0.03587443946188341,K002+KI01+KA08
cnn_adabn,temperature,target_real,0.46278026905829595,0.5256018397983945,0.08041046965975211,0.6070171463021498,0.4008603108828186,0.0,,0.0484304932735426,0.0,,0.060089686098654706,K002+KI01+KA08
cnn_adabn,isotonic,target_real,0.48071748878923765,0.539989414183799,0.20258271571109487,0.824367288337537,0.3068894234346878,0.6188340807174888,0.4608695652173913,0.14349775784753363,0.6188340807174888,0.4608695652173913,0.14349775784753363,K002+KI01+KA08
cnn_adabn,raw,source_holdout,0.5313807531380753,0.4871794871794872,0.35220842175271966,0.8235449879980089,0.26934106944798264,,,,,,,K002+KI01+KA09
cnn_adabn,raw,target_real,0.5659192825112107,0.6014159223376296,0.38837560930017934,0.8309164103764931,0.44913415210235436,0.20717488789237667,0.3203463203463203,0.0026905829596412557,0.27982062780269057,0.46474358974358976,0.0026905829596412557,K002+KI01+KA09
cnn_adabn,temperature,target_real,0.5659192825112107,0.6014159223376296,0.22133254441767172,0.6004353706077277,0.4368583128479079,0.2116591928251121,0.3220338983050847,0.0053811659192825115,0.28878923766816145,0.4440993788819876,0.0053811659192825115,K002+KI01+KA09
cnn_adabn,isotonic,target_real,0.5614349775784754,0.5983208008823362,0.3258013879915789,0.788812214824393,0.4382434382418257,0.2179372197309417,0.34156378600823045,0.0,0.6062780269058295,0.5724852071005917,0.0,K002+KI01+KA09
cnn_adabn,raw,source_holdout,0.3333333333333333,0.2222222222222222,0.6661065242208335,1.331864678681354,0.4334543163936998,,,,,,,K002+KI03+KA01
cnn_adabn,raw,target_real,0.49865470852017935,0.5534565734649713,0.4726118600782063,0.9500827872977435,0.4875625511210543,0.0,,0.0026905829596412557,0.0,,0.05560538116591928,K002+KI03+KA01
cnn_adabn,temperature,target_real,0.49865470852017935,0.5534565734649713,0.10642173798892446,0.6286275587839663,0.47512542130123636,0.0,,0.0242152466367713,0.0,,0.06816143497757847,K002+KI03+KA01
cnn_adabn,isotonic,target_real,0.46278026905829595,0.45718161581658984,0.21399317216804697,0.8688074855588298,0.5071670517214114,0.2645739910313901,0.4271186440677966,0.14439461883408072,0.2645739910313901,0.4271186440677966,0.14439461883408072,K002+KI03+KA01
cnn_adabn,raw,source_holdout,0.225,0.16822429906542055,0.50407000770625,1.1483218842462768,0.9015246932515345,,,,,,,K002+KI03+KA03
cnn_adabn,raw,target_real,0.4968609865470852,0.5521247648220422,0.4724666453875336,0.956675891452291,0.4958915826899212,0.0,,0.07174887892376682,0.0,,0.07533632286995516,K002+KI03+KA03
cnn_adabn,temperature,target_real,0.4968609865470852,0.5521247648220422,0.10824307643280698,0.6237952438605326,0.4704421465016383,0.0,,0.07174887892376682,0.0,,0.07533632286995516,K002+KI03+KA03
cnn_adabn,isotonic,target_real,0.42780269058295967,0.3659663865546219,0.03886795540213102,0.6969078801570809,0.359784250402145,0.4098654708520179,0.5317286652078774,0.0,0.4098654708520179,0.5317286652078774,0.0,K002+KI03+KA03
cnn_adabn,raw,source_holdout,0.3305439330543933,0.22128851540616246,0.7310984416589956,1.3721073530637033,0.9374116038250722,,,,,,,K002+KI03+KA05
cnn_adabn,raw,target_real,0.4663677130044843,0.5289617486338798,0.4535196094495964,0.9329059510439385,0.47303940057983584,0.0,,0.06995515695067264,0.0,,0.07533632286995516,K002+KI03+KA05
cnn_adabn,temperature,target_real,0.4663677130044843,0.5289617486338798,0.0820880321927714,0.6265295333972429,0.4730699845399803,0.0,,0.07174887892376682,0.0,,0.07533632286995516,K002+KI03+KA05
cnn_adabn,isotonic,target_real,0.41973094170403585,0.3692501175591278,0.13175557485537503,0.6931990531856302,0.49857682267755893,0.0,,0.0,0.284304932735426,0.43217665615141954,0.0,K002+KI03+KA05
cnn_adabn,raw,source_holdout,0.075,0.06741573033707865,0.7953367890208332,1.577402117831844,0.9939211452745804,,,,,,,K002+KI03+KA06
cnn_adabn,raw,target_real,0.4959641255605381,0.5508397696087718,0.5008346865608071,0.9751939707222544,0.4645962261376596,0.0,,0.06905829596412556,0.0,,0.07443946188340807,K002+KI03+KA06
cnn_adabn,temperature,target_real,0.4959641255605381,0.5508397696087718,0.12851084934206244,0.6324908315662278,0.45882890263134074,0.0,,0.06905829596412556,0.0,,0.07443946188340807,K002+KI03+KA06
cnn_adabn,isotonic,target_real,0.47533632286995514,0.4070474207881454,0.027483146407754826,0.6615515429843544,0.33461360042711347,0.29417040358744395,0.4451219512195122,0.0,0.29417040358744395,0.4451219512195122,0.0,K002+KI03+KA06
cnn_adabn,raw,source_holdout,0.3333333333333333,0.2222222222222222,0.6650516789012502,1.3311468943522442,0.7563210833722986,,,,,,,K002+KI03+KA07
cnn_adabn,raw,target_real,0.4959641255605381,0.5514576576059397,0.47244695345273535,0.9575932993341,0.4714048522011347,0.0,,0.059192825112107626,0.0,,0.07533632286995516,K002+KI03+KA07
cnn_adabn,temperature,target_real,0.4959641255605381,0.5514576576059397,0.12114492683834416,0.6271250369466604,0.4633923943907899,0.0,,0.06457399103139014,0.0,,0.07533632286995516,K002+KI03+KA07
cnn_adabn,isotonic,target_real,0.4116591928251121,0.47115106913937127,0.1571346836284641,0.8514774914059275,0.4890249846154133,0.2502242152466368,0.40860215053763443,0.14170403587443947,0.2502242152466368,0.40860215053763443,0.14170403587443947,K002+KI03+KA07
cnn_adabn,raw,source_holdout,0.3305439330543933,0.22128851540616246,0.6851938162983265,1.345363530201062,0.936698169180969,,,,,,,K002+KI03+KA08
cnn_adabn,raw,target_real,0.4905829596412556,0.5443889828822251,0.47993913278089684,0.9579950750900958,0.5002305663026022,0.0,,0.045739910313901344,0.0,,0.06457399103139014,K002+KI03+KA08
cnn_adabn,temperature,target_real,0.4905829596412556,0.5443889828822251,0.07562725126550927,0.6316208698644551,0.4883910193796595,0.0,,0.06188340807174888,0.0,,0.07174887892376682,K002+KI03+KA08
cnn_adabn,isotonic,target_real,0.4233183856502242,0.3620805376463978,0.09624627918477792,0.7160284088368436,0.3703537679797738,0.37847533632286995,0.4549763033175355,0.0,0.37847533632286995,0.4549763033175355,0.0,K002+KI03+KA08
cnn_adabn,raw,source_holdout,0.3305439330543933,0.22128851540616246,0.6685444068246862,1.336619189570861,0.5566106816841392,,,,,,,K002+KI03+KA09
cnn_adabn,raw,target_real,0.4959641255605381,0.5514576576059397,0.4664903283180269,0.9418442380971109,0.4919462161485079,0.0,,0.05739910313901345,0.0,,0.06816143497757847,K002+KI03+KA09
cnn_adabn,temperature,target_real,0.4959641255605381,0.5514576576059397,0.08165293988520558,0.6285915695328167,0.4785223295337556,0.0,,0.06905829596412556,0.0,,0.0726457399103139,K002+KI03+KA09
cnn_adabn,isotonic,target_real,0.4385650224215247,0.43852123393847364,0.22574070721615472,0.8780496079952009,0.5046095489211816,0.2538116591928251,0.4381625441696113,0.14080717488789238,0.25650224215246636,0.4405594405594406,0.14080717488789238,K002+KI03+KA09
cnn_adabn,raw,source_holdout,0.6666666666666666,0.5555555555555555,0.32934436787666665,0.6606268324840493,0.10549949364367994,,,,,,,K002+KI05+KA01
cnn_adabn,raw,target_real,0.4349775784753363,0.5011567996743199,0.44587609014493274,0.9205245265241075,0.4816305596124573,0.19820627802690582,0.502262443438914,0.0017937219730941704,0.24394618834080717,0.5,0.04663677130044843,K002+KI05+KA01
cnn_adabn,temperature,target_real,0.4349775784753363,0.5011567996743199,0.12602910198036268,0.6108224124378964,0.47088377838809636,0.18654708520179372,0.46634615384615385,0.004484304932735426,0.22869955156950672,0.47843137254901963,0.051121076233183856,K002+KI05+KA01
cnn_adabn,isotonic,target_real,0.2367713004484305,0.16577351822244268,0.5192746962156515,1.0507798050221913,0.4511960806689692,0.46905829596412557,0.5372848948374761,0.0,0.5183856502242152,0.5795847750865052,0.0,K002+KI05+KA01
cnn_adabn,raw,source_holdout,0.325,0.19548872180451127,0.4973067681008333,1.2246352482807559,0.7798097160396645,,,,,,,K002+KI05+KA03
cnn_adabn,raw,target_real,0.6197309417040359,0.6768218270196708,0.3490875094953364,0.7108059876358199,0.3793740686948351,0.0,,0.07174887892376682,0.0,,0.07533632286995516,K002+KI05+KA03
cnn_adabn,temperature,target_real,0.6197309417040359,0.6768218270196708,0.21475333413137093,0.6022411742291766,0.3661643803406981,0.0,,0.07174887892376682,0.0,,0.07533632286995516,K002+KI05+KA03
cnn_adabn,isotonic,target_real,0.3327354260089686,0.304980570197376,0.3577647083948849,0.8442884311345734,0.49485962557721114,0.611659192825112,0.5366568914956011,0.0,0.611659192825112,0.5366568914956011,0.0,K002+KI05+KA03
cnn_adabn,raw,source_holdout,0.6652719665271967,0.5555555555555555,0.3179847961205022,0.6502322955800568,0.12664303739155305,,,,,,,K002+KI05+KA05
cnn_adabn,raw,target_real,0.525560538116592,0.5846134848866179,0.3648024093459193,0.8277021190251713,0.40216215338543554,0.3811659192825112,0.45176470588235296,0.014349775784753363,0.4663677130044843,0.5230769230769231,0.05560538116591928,K002+KI05+KA05
cnn_adabn,temperature,target_real,0.525560538116592,0.5846134848866179,0.20046824107987052,0.59741484905141,0.39855390137366253,0.36233183856502243,0.42574257425742573,0.025112107623318385,0.42780269058295967,0.48846960167714887,0.05739910313901345,K002+KI05+KA05
cnn_adabn,isotonic,target_real,0.29237668161434976,0.24979398034030406,0.48203623055403494,0.9685469054109763,0.39772285720595096,0.4547085201793722,0.4358974358974359,0.0,0.4834080717488789,0.4619666048237477,0.0,K002+KI05+KA05
cnn_adabn,raw,source_holdout,0.3416666666666667,0.23848238482384823,0.5489936019370834,0.9821937225528214,0.4223744864622516,,,,,,,K002+KI05+KA06
cnn_adabn,raw,target_real,0.5004484304932736,0.5533842234975778,0.3827551652987444,0.8861085477115899,0.46013607840120596,0.262780269058296,0.3003412969283277,0.008968609865470852,0.262780269058296,0.3003412969283277,0.008968609865470852,K002+KI05+KA06
cnn_adabn,temperature,target_real,0.5004484304932736,0.5533842234975778,0.14325530149855628,0.616870653305349,0.44673544546315114,0.2600896860986547,0.3,0.017040358744394617,0.2600896860986547,0.3,0.02242152466367713,K002+KI05+KA06
cnn_adabn,isotonic,target_real,0.5417040358744395,0.5193303119492015,0.26337579678511536,0.7457361916691182,0.37682291245818733,0.2304932735426009,0.3151750972762646,0.0,0.5820627802690583,0.5130970724191063,0.0,K002+KI05+KA06
cnn_adabn,raw,source_holdout,0.6666666666666666,0.5555555555555555,0.3255551077616668,0.6670380355771667,0.3169374606578785,,,,,,,K002+KI05+KA07
cnn_adabn,raw,target_real,0.48071748878923765,0.536125828197539,0.4057421784920179,0.8997997882779204,0.47068444810467935,0.14080717488789238,0.4267515923566879,0.012556053811659192,0.14618834080717488,0.44785276073619634,0.060089686098654706,K002+KI05+KA07
cnn_adabn,temperature,target_real,0.48071748878923765,0.536125828197539,0.10053702542528567,0.6104478958993926,0.4523116737973012,0.13632286995515694,0.39473684210526316,0.021524663677130046,0.14349775784753363,0.40625,0.06636771300448431,K002+KI05+KA07
cnn_adabn,isotonic,target_real,0.4591928251121076,0.41697503605384617,0.33916085912199384,0.8874794019375509,0.3566815343575742,0.7614349775784753,0.5535924617196702,0.0,0.8726457399103139,0.513874614594039,0.0,K002+KI05+KA07
cnn_adabn,raw,source_holdout,0.6652719665271967,0.5555555555555555,0.3744143088343096,0.6850895082500345,0.3554209363758695,,,,,,,K002+KI05+KA08
cnn_adabn,raw,target_real,0.5515695067264574,0.5925210860139875,0.3461750779356054,0.7986354134829242,0.4294082136002715,0.10852017937219731,0.32231404958677684,0.017040358744394617,0.10852017937219731,0.32231404958677684,0.06367713004484304,K002+KI05+KA08
cnn_adabn,temperature,target_real,0.5515695067264574,0.5925210860139875,0.12420424992634604,0.5871720949486201,0.42072420712671155,0.11390134529147983,0.30708661417322836,0.034080717488789235,0.11390134529147983,0.30708661417322836,0.06726457399103139,K002+KI05+KA08
cnn_adabn,isotonic,target_real,0.5103139013452915,0.4663636081459706,0.30452424872708017,0.8335742309812936,0.29371335818180583,0.29596412556053814,0.30303030303030304,0.0,0.8968609865470852,0.466,0.0,K002+KI05+KA08
cnn_adabn,raw,source_holdout,0.6652719665271967,0.5555555555555555,0.3325562230263598,0.6667510638752717,0.17290845648689074,,,,,,,K002+KI05+KA09
cnn_adabn,raw,target_real,0.5004484304932736,0.5686355425223821,0.3729518282596412,0.858796647602489,0.45244600028230986,0.15784753363228698,0.4147727272727273,0.021524663677130046,0.19730941704035873,0.45,0.045739910313901344,K002+KI05+KA09
cnn_adabn,temperature,target_real,0.5004484304932736,0.5686355425223821,0.15237964269581608,0.6095925499388274,0.4451160567023995,0.15336322869955157,0.38596491228070173,0.03587443946188341,0.19461883408071748,0.42857142857142855,0.06098654708520179,K002+KI05+KA09
cnn_adabn,isotonic,target_real,0.45022421524663675,0.42689399781934817,0.31971899687813965,0.8684698170287525,0.4052574975844577,0.19820627802690582,0.248868778280543,0.0,0.7524663677130045,0.5709177592371871,0.0,K002+KI05+KA09
cnn_adabn,raw,source_holdout,0.3514644351464435,0.32287332816209485,0.46449701222217576,0.9462375490653352,0.299290797596147,,,,,,,K002+KI07+KA01
cnn_adabn,raw,target_real,0.5076233183856502,0.5376248329455396,0.39072608073919274,0.8455461957591739,0.38316852583175776,0.04394618834080718,0.08163265306122448,0.008071748878923767,0.32645739910313903,0.3598901098901099,0.008071748878923767,K002+KI07+KA01
cnn_adabn,temperature,target_real,0.5076233183856502,0.5376248329455396,0.13345038044770943,0.5749989210397229,0.38509408767483266,0.04663677130044843,0.07692307692307693,0.008968609865470852,0.33721973094170404,0.3723404255319149,0.008968609865470852,K002+KI07+KA01
cnn_adabn,isotonic,target_real,0.3560538116591928,0.33644047474350386,0.24717506558971253,0.7928538584484124,0.4077040948784199,0.07982062780269059,0.0449438202247191,0.0,0.07982062780269059,0.0449438202247191,0.18116591928251122,K002+KI07+KA01
cnn_adabn,raw,source_holdout,0.32217573221757323,0.16244725738396623,0.5282215341686194,1.1253742099482222,0.8861669801650199,,,,,,,K002+KI07+KA03
cnn_adabn,raw,target_real,0.7085201793721974,0.7495779674938142,0.24827782606152465,0.5448924499020957,0.2840287049834608,0.0,,0.10493273542600896,0.0,,0.12197309417040358,K002+KI07+KA03
cnn_adabn,temperature,target_real,0.7085201793721974,0.7495779674938142,0.31346217849644975,0.5921349573756579,0.2847280289221757,0.0,,0.1147982062780269,0.0,,0.13273542600896862,K002+KI07+KA03
cnn_adabn,isotonic,target_real,0.5139013452914798,0.4340984507574457,0.025270709903868215,0.5930224210461561,0.274769061310649,0.49506726457399103,0.4329710144927536,0.0,0.49506726457399103,0.4329710144927536,0.0,K002+KI07+KA03
cnn_adabn,raw,source_holdout,0.6470588235294118,0.5407973668843234,0.4243277582815126,0.739059291877047,0.6857325538416398,,,,,,,K002+KI07+KA05
cnn_adabn,raw,target_real,0.5022421524663677,0.5342006325824581,0.39912015314807175,0.8555024511197762,0.3954842225780457,0.0,,0.0,0.0,,0.0,K002+KI07+KA05
cnn_adabn,temperature,target_real,0.5022421524663677,0.5342006325824581,0.18718625882422654,0.5915776575448953,0.39692549987135145,0.0,,0.0,0.0,,0.053811659192825115,K002+KI07+KA05
cnn_adabn,isotonic,target_real,0.4914798206278027,0.5416853510654999,0.2589307620272633,0.8325709179281175,0.32437936810108126,0.5551569506726457,0.49434571890145396,0.0,0.5551569506726457,0.49434571890145396,0.0,K002+KI07+KA05
cnn_adabn,raw,source_holdout,0.100418410041841,0.09196217494089835,0.6632816779912134,1.243394880966506,0.9853585065989273,,,,,,,K002+KI07+KA06
cnn_adabn,raw,target_real,0.4224215246636771,0.458828509699652,0.43232781804860987,0.909231140717207,0.4222254601810131,0.0,,0.0,0.0,,0.0,K002+KI07+KA06
cnn_adabn,temperature,target_real,0.4224215246636771,0.458828509699652,0.09002115482362381,0.6156434416341718,0.4166126018778341,0.0,,0.0,0.0,,0.0,K002+KI07+KA06
cnn_adabn,isotonic,target_real,0.5040358744394619,0.5339748605417948,0.10729951491162362,0.6432183180002107,0.3350990625925229,0.22869955156950672,0.3215686274509804,0.14349775784753363,0.22869955156950672,0.3215686274509804,0.14349775784753363,K002+KI07+KA06
cnn_adabn,raw,source_holdout,0.6443514644351465,0.5369342963815904,0.4353559620196653,0.7556423291488018,0.4082438558142075,,,,,,,K002+KI07+KA07
cnn_adabn,raw,target_real,0.5147982062780269,0.5699171504638009,0.3312833150857398,0.8123387270512342,0.5221662350618878,0.35336322869955156,0.46954314720812185,0.0,0.35336322869955156,0.46954314720812185,0.0,K002+KI07+KA07
cnn_adabn,temperature,target_real,0.5147982062780269,0.5699171504638009,0.08054016806107067,0.6079697214210538,0.5188093377675685,0.3596412556053812,0.4613466334164589,0.0,0.3596412556053812,0.4613466334164589,0.0,K002+KI07+KA07
cnn_adabn,isotonic,target_real,0.4134529147982063,0.4719451386118052,0.3217706123084426,0.9370495868035443,0.44713446684651165,0.4044843049327354,0.5033259423503326,0.0,0.4609865470852018,0.5077821011673151,0.0,K002+KI07+KA07
cnn_adabn,raw,source_holdout,0.6176470588235294,0.5248091949021955,0.44058637138445383,0.8089777559135012,0.6288053701544782,,,,,,,K002+KI07+KA08
cnn_adabn,raw,target_real,0.5121076233183857,0.5477860520902128,0.4342824602659194,0.890770086712065,0.4023887597035021,0.0,,0.06636771300448431,0.0,,0.11300448430493273,K002+KI07+KA08
cnn_adabn,temperature,target_real,0.5121076233183857,0.5477860520902128,0.20299885905626353,0.6086154313979781,0.39716002729174227,0.0,,0.06995515695067264,0.0,,0.11390134529147983,K002+KI07+KA08
cnn_adabn,isotonic,target_real,0.41076233183856503,0.49067285537322985,0.27366233741564844,0.9069189962840337,0.45776820581143346,0.43766816143497755,0.5799180327868853,0.16143497757847533,0.43766816143497755,0.5799180327868853,0.16143497757847533,K002+KI07+KA08
cnn_adabn,raw,source_holdout,0.6134453781512605,0.520748502452178,0.4394120232021008,0.8030277463182561,0.2571339770572409,,,,,,,K002+KI07+KA09
cnn_adabn,raw,target_real,0.526457399103139,0.5684458293598523,0.4254097353649328,0.8841893678543491,0.40949211352333503,0.2547085201793722,0.29225352112676056,0.06636771300448431,0.28340807174887894,0.34177215189873417,0.07982062780269059,K002+KI07+KA09
cnn_adabn,temperature,target_real,0.526457399103139,0.5684458293598523,0.1699514071232408,0.5984018441799434,0.4021618729793576,0.2672645739910314,0.2986577181208054,0.06905829596412556,0.29417040358744395,0.35060975609756095,0.08161434977578476,K002+KI07+KA09
cnn_adabn,isotonic,target_real,0.4008968609865471,0.4761421868921835,0.2887605316095435,0.9153027153590093,0.453215556345223,0.34618834080717487,0.46113989637305697,0.0,0.4304932735426009,0.54375,0.0,K002+KI07+KA09
cnn_adabn,raw,source_holdout,0.6638655462184874,0.5536723163841808,0.33357074428403366,0.6751549543753701,0.2254855406926203,,,,,,,K002+KI08+KA01
cnn_adabn,raw,target_real,0.5488789237668161,0.6110766665701106,0.38769195361192826,0.8236621729976331,0.35587537605500047,0.036771300448430494,0.0,0.13452914798206278,0.22242152466367712,0.0967741935483871,0.20179372197309417,K002+KI08+KA01
cnn_adabn,temperature,target_real,0.5488789237668161,0.6110766665701106,0.1772951122163788,0.5665631863138588,0.3550645223782326,0.053811659192825115,0.0,0.13721973094170403,0.22062780269058296,0.08130081300813008,0.20269058295964126,K002+KI08+KA01
cnn_adabn,isotonic,target_real,0.40717488789237666,0.38067509064842514,0.24394321071514263,0.8043390218758459,0.3675825120393344,0.07713004484304933,0.0,0.17040358744394618,0.07713004484304933,0.0,0.20896860986547086,K002+KI08+KA01
cnn_adabn,raw,source_holdout,0.07563025210084033,0.046875,0.7839238342231094,1.5434717467711216,0.9920627835156134,,,,,,,K002+KI08+KA03
cnn_adabn,raw,target_real,0.7004484304932735,0.7426371398894448,0.24415344076609874,0.5623989507880732,0.3276029622576989,0.0,,0.07623318385650224,0.0,,0.08161434977578476,K002+KI08+KA03
cnn_adabn,temperature,target_real,0.7004484304932735,0.7426371398894448,0.29281312818634053,0.5936666865709865,0.32232850648909617,0.0,,0.07713004484304933,0.0,,0.08340807174887892,K002+KI08+KA03
cnn_adabn,isotonic,target_real,0.23766816143497757,0.16790134747881225,0.1284041612976175,0.640564192703168,0.6722804166227218,0.11300448430493273,0.9523809523809523,0.0,0.11300448430493273,0.9523809523809523,0.0,K002+KI08+KA03
cnn_adabn,raw,source_holdout,0.6624472573839663,0.5536723163841808,0.34361327927890295,0.6857162744377265,0.6694855055849306,,,,,,,K002+KI08+KA05
cnn_adabn,raw,target_real,0.5695067264573991,0.6235049278743908,0.31550916452475336,0.7403158105169635,0.34950115660777753,0.0,,0.04663677130044843,0.0,,0.08251121076233184,K002+KI08+KA05
cnn_adabn,temperature,target_real,0.5695067264573991,0.6235049278743908,0.14285539504965353,0.568052440989312,0.3446443270856721,0.0,,0.04932735426008968,0.0,,0.08161434977578476,K002+KI08+KA05
cnn_adabn,isotonic,target_real,0.5533632286995516,0.6063001022216032,0.17732014260008983,0.7597644555118512,0.3043232909434519,0.547085201793722,0.45901639344262296,0.0,0.547085201793722,0.45901639344262296,0.0,K002+KI08+KA05
cnn_adabn,raw,source_holdout,0.3403361344537815,0.24443536859301615,0.5490159984436974,0.9864198006539878,0.37815467096878796,,,,,,,K002+KI08+KA06
cnn_adabn,raw,target_real,0.5165919282511211,0.5666058817863961,0.38614307182439467,0.8760560998108786,0.42736756238268214,0.25291479820627805,0.41843971631205673,0.06905829596412556,0.26188340807174887,0.4349315068493151,0.08340807174887892,K002+KI08+KA06
cnn_adabn,temperature,target_real,0.5165919282511211,0.5666058817863961,0.10984635749942437,0.6068254760536282,0.4129191994421483,0.24932735426008967,0.41007194244604317,0.07085201793721974,0.2609865470852018,0.422680412371134,0.09147982062780269,K002+KI08+KA06
cnn_adabn,isotonic,target_real,0.5246636771300448,0.481181581147566,0.26800193515362625,0.779003752772466,0.41684987583149935,0.24394618834080717,0.4007352941176471,0.0,0.8484304932735426,0.47780126849894294,0.0,K002+KI08+KA06
cnn_adabn,raw,source_holdout,0.6638655462184874,0.5536723163841808,0.3264429006205882,0.6674619539712795,0.2503326000875758,,,,,,,K002+KI08+KA07
cnn_adabn,raw,target_real,0.5300448430493273,0.5792324120365584,0.37258543753040363,0.8071754195663352,0.3422726547704375,0.2905829596412556,0.26851851851851855,0.025112107623318385,0.31928251121076234,0.32303370786516855,0.15246636771300448,K002+KI08+KA07
cnn_adabn,temperature,target_real,0.5300448430493273,0.5792324120365584,0.12428878771289338,0.5588880405637298,0.3379610456752468,0.2878923766816143,0.2554517133956386,0.034080717488789235,0.30134529147982064,0.28273809523809523,0.11569506726457399,K002+KI08+KA07
cnn_adabn,isotonic,target_real,0.5246636771300448,0.5702856064765717,0.24411490767008862,0.7759719867240501,0.3268737908292967,0.5829596412556054,0.4876923076923077,0.0,0.7255605381165919,0.46600741656365885,0.0,K002+KI08+KA07
cnn_adabn,raw,source_holdout,0.6624472573839663,0.5536723163841808,0.39590703834472585,0.7075464153401453,0.6769616290724793,,,,,,,K002+KI08+KA08
cnn_adabn,raw,target_real,0.48699551569506727,0.5351992784373599,0.4176984680994619,0.890943113629209,0.40669236006101106,0.0,,0.06995515695067264,0.0,,0.07892376681614349,K002+KI08+KA08
cnn_adabn,temperature,target_real,0.48699551569506727,0.5351992784373599,0.13788907523932378,0.5959604764939149,0.39961681546024974,0.0,,0.07174887892376682,0.0,,0.07892376681614349,K002+KI08+KA08
cnn_adabn,isotonic,target_real,0.49327354260089684,0.5193667404828017,0.24407052795964443,0.8277764260035925,0.2806277453538529,0.6771300448430493,0.4688741721854305,0.0,0.6771300448430493,0.4688741721854305,0.0,K002+KI08+KA08
cnn_adabn,raw,source_holdout,0.6624472573839663,0.5536723163841808,0.34013419424261604,0.682139714477074,0.669214525391225,,,,,,,K002+KI08+KA09
cnn_adabn,raw,target_real,0.4358744394618834,0.5075655596436145,0.48699298833076243,0.9826426622213014,0.34948948843032845,0.0,,0.16771300448430493,0.0,,0.20538116591928252,K002+KI08+KA09
cnn_adabn,temperature,target_real,0.4358744394618834,0.5075655596436145,0.1825290778381319,0.581945276602661,0.3444720869376882,0.0,,0.18026905829596412,0.0,,0.20896860986547086,K002+KI08+KA09
cnn_adabn,isotonic,target_real,0.43408071748878924,0.5053973717513098,0.277977219623714,0.8983248961876411,0.36556177391365036,0.49417040358744396,0.4954627949183303,0.14349775784753363,0.49417040358744396,0.4954627949183303,0.14349775784753363,K002+KI08+KA09
cnn_adabn,raw,source_holdout,0.5458333333333333,0.4817642069550467,0.31172881649166667,0.7411332051032489,0.25477695740879425,,,,,,,K004+KI01+KA01
cnn_adabn,raw,target_real,0.6206278026905829,0.6525859445636277,0.2502196095952467,0.6636681369072706,0.33134958029940287,0.07174887892376682,0.0,0.07174887892376682,0.3820627802690583,0.4460093896713615,0.07533632286995516,K004+KI01+KA01
cnn_adabn,temperature,target_real,0.6206278026905829,0.6525859445636277,0.21219881291433543,0.5599730614605342,0.32089448460932857,0.0726457399103139,0.012345679012345678,0.07174887892376682,0.43946188340807174,0.42244897959183675,0.07713004484304933,K004+KI01+KA01
cnn_adabn,isotonic,target_real,0.36053811659192825,0.31746915690275596,0.5050578818219017,1.1523948070985603,0.515695552462123,0.95695067264574,0.6260543580131209,0.0,0.95695067264574,0.6260543580131209,0.0,K004+KI01+KA01
cnn_adabn,raw,source_holdout,0.24583333333333332,0.1796042617960426,0.6315922263375,1.3722770338956682,0.9477360377865108,,,,,,,K004+KI01+KA03
cnn_adabn,raw,target_real,0.6026905829596413,0.6348088166804803,0.2781621593728251,0.6648351978763266,0.2664184733111756,0.0,,0.0726457399103139,0.0,,0.08699551569506726,K004+KI01+KA03
cnn_adabn,temperature,target_real,0.6026905829596413,0.6348088166804803,0.1999829649092661,0.5946937571682334,0.26640515415834864,0.0,,0.07354260089686099,0.0,,0.09058295964125561,K004+KI01+KA03
cnn_adabn,isotonic,target_real,0.4260089686098655,0.413605255567186,0.29222532641739885,0.785161058202981,0.48114514221969884,0.5847533632286995,0.5736196319018405,0.0,0.5847533632286995,0.5736196319018405,0.0,K004+KI01+KA03
cnn_adabn,raw,source_holdout,0.3389121338912134,0.23754867800778848,0.5025049231543934,0.9035960655087965,0.3488771763807896,,,,,,,K004+KI01+KA05
cnn_adabn,raw,target_real,0.6322869955156951,0.6623197480153576,0.2708030972622423,0.6472633336239356,0.31900233681612905,0.3515695067264574,0.4362244897959184,0.06905829596412556,0.3632286995515695,0.43950617283950616,0.07623318385650224,K004+KI01+KA05
cnn_adabn,temperature,target_real,0.6322869955156951,0.6623197480153576,0.22509624921431598,0.6022566090599887,0.3048660881829811,0.34618834080717487,0.44559585492227977,0.06995515695067264,0.3542600896860987,0.4531645569620253,0.08340807174887892,K004+KI01+KA05
cnn_adabn,isotonic,target_real,0.4188340807174888,0.42353914639849527,0.36498634024438253,0.9619682659471869,0.5049351637919143,0.295067264573991,0.5349544072948328,0.0,0.9363228699551569,0.5823754789272031,0.0,K004+KI01+KA05
cnn_adabn,raw,source_holdout,0.6166666666666667,0.5285285285285285,0.31121282989333326,0.6773583031036091,0.2390020524941481,,,,,,,K004+KI01+KA06
cnn_adabn,raw,target_real,0.5748878923766816,0.6137869159417296,0.269735739087444,0.6927076798223201,0.3594728347354069,0.32107623318385653,0.4664804469273743,0.06905829596412556,0.37488789237668163,0.47368421052631576,0.0726457399103139,K004+KI01+KA06
cnn_adabn,temperature,target_real,0.5748878923766816,0.6137869159417296,0.193141090459176,0.5667612946858572,0.3490010490206587,0.4098654708520179,0.4726477024070022,0.06905829596412556,0.4914798206278027,0.4197080291970803,0.07533632286995516,K004+KI01+KA06
cnn_adabn,isotonic,target_real,0.35874439461883406,0.33521370345739915,0.4849156610642803,1.0317960606044452,0.43934734619290433,0.8753363228699551,0.6024590163934426,0.0,0.8753363228699551,0.6024590163934426,0.0,K004+KI01+KA06
cnn_adabn,raw,source_holdout,0.3625,0.27586206896551724,0.42166220064874993,0.7908306431845339,0.29957871318014545,,,,,,,K004+KI01+KA07
cnn_adabn,raw,target_real,0.5632286995515695,0.6020169857839459,0.27118090393434974,0.7278272286570043,0.34215190146542357,0.45201793721973094,0.4444444444444444,0.06188340807174888,0.49955156950672647,0.4506283662477558,0.08161434977578476,K004+KI01+KA07
cnn_adabn,temperature,target_real,0.5632286995515695,0.6020169857839459,0.17811511064041655,0.5683805348905567,0.31835347197642977,0.4367713004484305,0.42915811088295686,0.07085201793721974,0.4959641255605381,0.3960216998191682,0.09506726457399103,K004+KI01+KA07
cnn_adabn,isotonic,target_real,0.4304932735426009,0.43612095132123746,0.3305554094004754,0.9172254594862175,0.47691577892065956,0.8295964125560538,0.5405405405405406,0.0,0.852017937219731,0.5389473684210526,0.0,K004+KI01+KA07
cnn_adabn,raw,source_holdout,0.4895397489539749,0.4359777809428856,0.2866601666317992,0.7305990841307463,0.2777780137030996,,,,,,,K004+KI01+KA08
cnn_adabn,raw,target_real,0.6143497757847534,0.646618105810035,0.22010996607811661,0.6253630858822338,0.30785658104543506,0.4672645739910314,0.29558541266794625,0.0,0.49955156950672647,0.3123877917414722,0.0,K004+KI01+KA08
cnn_adabn,temperature,target_real,0.6143497757847534,0.646618105810035,0.2194218842565412,0.6030134158791545,0.2977836461967209,0.4780269058295964,0.2964352720450281,0.0,0.5040358744394619,0.28825622775800713,0.0,K004+KI01+KA08
cnn_adabn,isotonic,target_real,0.48071748878923765,0.48181312777569246,0.38358170192352165,0.9088337011044538,0.38452094530342834,0.9085201793721973,0.506416584402764,0.0,0.9802690582959641,0.5178408051235133,0.0,K004+KI01+KA08
cnn_adabn,raw,source_holdout,0.3472803347280335,0.2530345471521942,0.47898519540585766,0.857940663193911,0.30417362245531365,,,,,,,K004+KI01+KA09
cnn_adabn,raw,target_real,0.5201793721973094,0.5699063560018168,0.3283752691176681,0.7626206344518547,0.3724105619933685,0.3721973094170404,0.42168674698795183,0.06816143497757847,0.4484304932735426,0.438,0.07354260089686099,K004+KI01+KA09
cnn_adabn,temperature,target_real,0.5201793721973094,0.5699063560018168,0.1391805771360367,0.5861159288934521,0.3467219203180887,0.3757847533632287,0.4200477326968974,0.07174887892376682,0.4430493273542601,0.41295546558704455,0.07892376681614349,K004+KI01+KA09
cnn_adabn,isotonic,target_real,0.379372197309417,0.3721930013792032,0.41147249120852664,1.0410851710764815,0.503840819272045,0.3695067264573991,0.558252427184466,0.0,0.9883408071748879,0.617059891107078,0.0,K004+KI01+KA09
cnn_adabn,raw,source_holdout,0.3333333333333333,0.16666666666666666,0.6375209351712499,1.2807660581188396,0.40465058503450774,,,,,,,K004+KI03+KA01
cnn_adabn,raw,target_real,0.5040358744394619,0.5533455698730109,0.38844837349264577,0.87432203108827,0.3632610409394039,0.2116591928251121,0.2076271186440678,0.011659192825112108,0.2116591928251121,0.2076271186440678,0.13094170403587443,K004+KI03+KA01
cnn_adabn,temperature,target_real,0.5040358744394619,0.5533455698730109,0.09484007022103191,0.6164444980876246,0.360824192740959,0.21614349775784752,0.21161825726141079,0.1147982062780269,0.23946188340807176,0.24344569288389514,0.13901345291479822,K004+KI03+KA01
cnn_adabn,isotonic,target_real,0.43946188340807174,0.40053013459020415,0.3968519575704413,0.8648146201051666,0.3714860080655431,0.9013452914798207,0.5293532338308458,0.0,0.9031390134529148,0.5302879841112215,0.0,K004+KI03+KA01
cnn_adabn,raw,source_holdout,0.3333333333333333,0.21592442645074225,0.5015899227287499,1.159798339841945,0.7352158455521772,,,,,,,K004+KI03+KA03
cnn_adabn,raw,target_real,0.5417040358744395,0.5762112096636046,0.3509752606565919,0.8115053224056545,0.3036727011934538,0.0,,0.011659192825112108,0.0,,0.19103139013452916,K004+KI03+KA03
cnn_adabn,temperature,target_real,0.5417040358744395,0.5762112096636046,0.13755732620755085,0.6057718260018116,0.3057953895250211,0.0,,0.014349775784753363,0.0,,0.18475336322869956,K004+KI03+KA03
cnn_adabn,isotonic,target_real,0.39461883408071746,0.3710785332446192,0.4257336458159719,0.9239641493263606,0.5531886138455282,0.726457399103139,0.6617283950617284,0.0,0.726457399103139,0.6617283950617284,0.0,K004+KI03+KA03
cnn_adabn,raw,source_holdout,0.3305439330543933,0.16561844863731656,0.7047217154623432,1.3510131530418932,0.9362551781985943,,,,,,,K004+KI03+KA05
cnn_adabn,raw,target_real,0.5094170403587444,0.5488379528899925,0.334421713447444,0.7928008991330644,0.3484413697985342,0.0,,0.010762331838565023,0.0,,0.010762331838565023,K004+KI03+KA05
cnn_adabn,temperature,target_real,0.5094170403587444,0.5488379528899925,0.1119068052590999,0.6139883652385675,0.3268108444529848,0.0,,0.023318385650224215,0.0,,0.10762331838565023,K004+KI03+KA05
cnn_adabn,isotonic,target_real,0.3668161434977579,0.3038497079444204,0.19105956358084303,0.6618438650218906,0.38174052265123354,0.18565022421524663,0.18357487922705315,0.0,0.18565022421524663,0.18357487922705315,0.0,K004+KI03+KA05
cnn_adabn,raw,source_holdout,0.3333333333333333,0.16718913270637406,0.5848468384833333,1.2120114675588478,0.5454360820964336,,,,,,,K004+KI03+KA06
cnn_adabn,raw,target_real,0.5327354260089686,0.5851783739785298,0.35533656964968613,0.8113285680269278,0.31690059032313767,0.2304932735426009,0.13229571984435798,0.025112107623318385,0.2304932735426009,0.13229571984435798,0.17040358744394618,K004+KI03+KA06
cnn_adabn,temperature,target_real,0.5327354260089686,0.5851783739785298,0.12610486179971203,0.6078790282768934,0.31001149926537125,0.23139013452914797,0.13178294573643412,0.12645739910313902,0.23139013452914797,0.13178294573643412,0.17937219730941703,K004+KI03+KA06
cnn_adabn,isotonic,target_real,0.43318385650224217,0.4288451207200736,0.3259793959181394,0.7985056418282089,0.40507800776365416,0.379372197309417,0.39952718676122934,0.0,0.379372197309417,0.39952718676122934,0.0,K004+KI03+KA06
cnn_adabn,raw,source_holdout,0.3333333333333333,0.1693121693121693,0.5387207414595832,1.1798381059260152,0.7145963455664953,,,,,,,K004+KI03+KA07
cnn_adabn,raw,target_real,0.526457399103139,0.5637778219083082,0.36669064079695074,0.8409596291449632,0.3879950582281835,0.0,,0.0026905829596412557,0.0,,0.0026905829596412557,K004+KI03+KA07
cnn_adabn,temperature,target_real,0.526457399103139,0.5637778219083082,0.12022081996148892,0.6168270543838934,0.37813202833590825,0.0,,0.0026905829596412557,0.0,,0.0026905829596412557,K004+KI03+KA07
cnn_adabn,isotonic,target_real,0.4098654708520179,0.40026056741991134,0.2737057723395625,0.7880617728724515,0.3566248183765095,0.3255605381165919,0.3278236914600551,0.0,0.6825112107623318,0.45992115637319314,0.0,K004+KI03+KA07
cnn_adabn,raw,source_holdout,0.3305439330543933,0.16561844863731656,0.6607060875723849,1.3243664824012427,0.7609739970622763,,,,,,,K004+KI03+KA08
cnn_adabn,raw,target_real,0.5524663677130045,0.5862997428238075,0.30719311201417054,0.7329266698175257,0.32352623097042355,0.0,,0.036771300448430494,0.0,,0.07174887892376682,K004+KI03+KA08
cnn_adabn,temperature,target_real,0.5524663677130045,0.5862997428238075,0.1484794035348655,0.6101465730103485,0.30931731863089384,0.0,,0.11390134529147983,0.0,,0.15784753363228698,K004+KI03+KA08
cnn_adabn,isotonic,target_real,0.3901345291479821,0.36900160006285315,0.20901928068362371,0.7412894493720683,0.27473531661830974,0.0,,0.13452914798206278,0.0,,0.13452914798206278,K004+KI03+KA08
cnn_adabn,raw,source_holdout,0.3305439330543933,0.16561844863731656,0.6678651186301254,1.3357051656521437,0.3223434079360533,,,,,,,K004+KI03+KA09
cnn_adabn,raw,target_real,0.5201793721973094,0.5610899905596495,0.34296410869838573,0.8101956731017492,0.3542272079868083,0.19641255605381167,0.228310502283105,0.039461883408071746,0.20448430493273542,0.23684210526315788,0.06367713004484304,K004+KI03+KA09
cnn_adabn,temperature,target_real,0.5201793721973094,0.5610899905596495,0.11521238687092739,0.6126890419951891,0.33272270970000617,0.20089686098654708,0.22767857142857142,0.04394618834080718,0.20896860986547086,0.2317596566523605,0.13273542600896862,K004+KI03+KA09
cnn_adabn,isotonic,target_real,0.3434977578475336,0.29369951210669076,0.3983674753064579,0.9223814362757666,0.36632110171781757,0.17040358744394618,0.23157894736842105,0.0,0.18116591928251122,0.24752475247524752,0.0,K004+KI03+KA09
cnn_adabn,raw,source_holdout,0.3333333333333333,0.2222222222222222,0.5838484701416666,1.2093171679380168,0.3018476013751355,,,,,,,K004+KI05+KA01
cnn_adabn,raw,target_real,0.47533632286995514,0.5409039601445148,0.37051274434941706,0.7935255891017166,0.3108672080942257,0.21883408071748878,0.01639344262295082,0.21614349775784752,0.242152466367713,0.1037037037037037,0.22690582959641256,K004+KI05+KA01
cnn_adabn,temperature,target_real,0.47533632286995514,0.5409039601445148,0.11294949498134405,0.5984565468748823,0.31300526346419744,0.21973094170403587,0.02040816326530612,0.21614349775784752,0.24663677130044842,0.11636363636363636,0.22690582959641256,K004+KI05+KA01
cnn_adabn,isotonic,target_real,0.37488789237668163,0.33964358018103996,0.2658198819979954,0.7819905992083668,0.2910203319764571,0.2179372197309417,0.012345679012345678,0.0,0.2179372197309417,0.012345679012345678,0.25291479820627805,K004+KI05+KA01
cnn_adabn,raw,source_holdout,0.0,0.0,0.868671180065,1.8372008115213665,1.0,,,,,,,K004+KI05+KA03
cnn_adabn,raw,target_real,0.5381165919282511,0.5850238716890278,0.3480055005250225,0.796526431657703,0.26561811389446666,0.0,,0.21345291479820627,0.0,,0.2484304932735426,K004+KI05+KA03
cnn_adabn,temperature,target_real,0.5381165919282511,0.5850238716890278,0.12586374430842082,0.5953987806793305,0.2701441598416629,0.0,,0.21076233183856502,0.0,,0.2367713004484305,K004+KI05+KA03
cnn_adabn,isotonic,target_real,0.43318385650224217,0.4226292820453404,0.22061000105226872,0.5337947869272914,0.2376574827876516,0.0,,0.2520179372197309,0.0,,0.2520179372197309,K004+KI05+KA03
cnn_adabn,raw,source_holdout,0.3305439330543933,0.22128851540616246,0.6031634164870293,1.2713232906173304,0.8031322232401079,,,,,,,K004+KI05+KA05
cnn_adabn,raw,target_real,0.49417040358744396,0.551797859238027,0.3296470201418834,0.6886977687145125,0.27311538075414404,0.0,,0.20986547085201793,0.0,,0.22690582959641256,K004+KI05+KA05
cnn_adabn,temperature,target_real,0.49417040358744396,0.551797859238027,0.10927557795262932,0.5946339912355229,0.27399962930642613,0.0,,0.20986547085201793,0.0,,0.22600896860986547,K004+KI05+KA05
cnn_adabn,isotonic,target_real,0.3721973094170404,0.35192851321883584,0.1832603334966939,0.7905621499701017,0.4036758045148232,0.14439461883408072,0.37267080745341613,0.07802690582959641,0.14439461883408072,0.37267080745341613,0.07802690582959641,K004+KI05+KA05
cnn_adabn,raw,source_holdout,0.3333333333333333,0.22315202231520223,0.5605912446625,1.1918498240005144,0.6684689647021701,,,,,,,K004+KI05+KA06
cnn_adabn,raw,target_real,0.4663677130044843,0.5319765514868703,0.3829366561419731,0.8278987327905837,0.3196983793701504,0.0,,0.21524663677130046,0.0,,0.22780269058295965,K004+KI05+KA06
cnn_adabn,temperature,target_real,0.4663677130044843,0.5319765514868703,0.09918852634685066,0.6006411059916559,0.31967758421582276,0.0,,0.21524663677130046,0.0,,0.22690582959641256,K004+KI05+KA06
cnn_adabn,isotonic,target_real,0.37488789237668163,0.3625437141608167,0.32539528044425703,0.8726640107647885,0.33053189115813353,0.536322869955157,0.44648829431438125,0.0,0.536322869955157,0.44648829431438125,0.0,K004+KI05+KA06
cnn_adabn,raw,source_holdout,0.3333333333333333,0.2250351617440225,0.5559970319383333,1.1878026647064155,0.561298897605947,,,,,,,K004+KI05+KA07
cnn_adabn,raw,target_real,0.4547085201793722,0.5196621569172085,0.4070864018495964,0.8540776174222035,0.325192927564416,0.24484304932735426,0.12087912087912088,0.19820627802690582,0.24484304932735426,0.12087912087912088,0.22511210762331837,K004+KI05+KA07
cnn_adabn,temperature,target_real,0.4547085201793722,0.5196621569172085,0.11347316804392421,0.5997719455245978,0.3196102456057114,0.24573991031390136,0.12408759124087591,0.19910313901345292,0.24573991031390136,0.12408759124087591,0.22511210762331837,K004+KI05+KA07
cnn_adabn,isotonic,target_real,0.4179372197309417,0.3926952490502657,0.28061317145801595,0.8073889419152639,0.29962615744012966,0.41524663677130047,0.2980561555075594,0.0,0.41524663677130047,0.2980561555075594,0.0,K004+KI05+KA07
cnn_adabn,raw,source_holdout,0.3305439330543933,0.22128851540616246,0.6508941930271965,1.3246440950101845,0.8901266183131078,,,,,,,K004+KI05+KA08
cnn_adabn,raw,target_real,0.4789237668161435,0.5284467024778118,0.368209047487175,0.792085922416063,0.3023235804661574,0.0,,0.18654708520179372,0.0,,0.22511210762331837,K004+KI05+KA08
cnn_adabn,temperature,target_real,0.4789237668161435,0.5284467024778118,0.10081629954512701,0.6002714442506005,0.277630282630436,0.0,,0.19461883408071748,0.0,,0.22511210762331837,K004+KI05+KA08
cnn_adabn,isotonic,target_real,0.3820627802690583,0.32415442254438837,0.12343249662671191,0.6827201429174312,0.42304590463612507,0.0,,0.0,0.0,,0.0,K004+KI05+KA08
cnn_adabn,raw,source_holdout,0.3305439330543933,0.22128851540616246,0.660280509258159,1.3212786576351996,0.5079955348160684,,,,,,,K004+KI05+KA09
cnn_adabn,raw,target_real,0.48161434977578477,0.5404585513582241,0.38100684068591917,0.7972709856541573,0.3101019942453191,0.0,,0.21255605381165918,0.0,,0.22511210762331837,K004+KI05+KA09
cnn_adabn,temperature,target_real,0.48161434977578477,0.5404585513582241,0.07847215624739463,0.6005822449757448,0.30369606344643757,0.0,,0.21255605381165918,0.0,,0.22511210762331837,K004+KI05+KA09
cnn_adabn,isotonic,target_real,0.30672645739910315,0.2506859164246067,0.36236961435255366,0.8026567504797802,0.34443428734473364,0.23497757847533632,0.03435114503816794,0.0,0.2771300448430493,0.15210355987055016,0.2430493273542601,K004+KI05+KA09
cnn_adabn,raw,source_holdout,0.6234309623430963,0.5241441441441442,0.4437110387933054,0.7933955001617918,0.6776114228357079,,,,,,,K004+KI07+KA01
cnn_adabn,raw,target_real,0.5354260089686098,0.577204317850665,0.2914600968269956,0.7634042544388502,0.4073921724047034,0.0,,0.025112107623318385,0.0,,0.11659192825112108,K004+KI07+KA01
cnn_adabn,temperature,target_real,0.5354260089686098,0.577204317850665,0.12796382526526334,0.5965488879840738,0.3750331420005472,0.0,,0.03766816143497758,0.0,,0.11031390134529148,K004+KI07+KA01
cnn_adabn,isotonic,target_real,0.36053811659192825,0.31905254329789434,0.37606016921098095,1.0234642187553533,0.5507602746574707,0.19013452914798207,0.5188679245283019,0.0,0.820627802690583,0.585792349726776,0.0,K004+KI07+KA01
cnn_adabn,raw,source_holdout,0.3305439330543933,0.22128851540616246,0.6402939867999999,1.324744650575322,0.9240627034697606,,,,,,,K004+KI07+KA03
cnn_adabn,raw,target_real,0.5228699551569507,0.5699029257454636,0.3206930322532735,0.658188764638366,0.2751611449101829,0.0,,0.12556053811659193,0.0,,0.14887892376681613,K004+KI07+KA03
cnn_adabn,temperature,target_real,0.5228699551569507,0.5699029257454636,0.12713819467780157,0.5945092754613799,0.27507725722832427,0.0,,0.1273542600896861,0.0,,0.14618834080717488,K004+KI07+KA03
cnn_adabn,isotonic,target_real,0.34977578475336324,0.31384567784601275,0.22137755560861738,0.7560587370089475,0.4884920194386786,0.5183856502242152,0.6038062283737025,0.0,0.5183856502242152,0.6038062283737025,0.0,K004+KI07+KA03
cnn_adabn,raw,source_holdout,0.6596638655462185,0.552498706488965,0.45840710350714287,0.758333531977003,0.5691205608463162,,,,,,,K004+KI07+KA05
cnn_adabn,raw,target_real,0.5103139013452915,0.5495675131244931,0.30927473509121073,0.7700514643621094,0.4049494021869937,0.0,,0.017937219730941704,0.0,,0.025112107623318385,K004+KI07+KA05
cnn_adabn,temperature,target_real,0.5103139013452915,0.5495675131244931,0.09337029914296843,0.6012906942227996,0.3717709519284112,0.0,,0.015246636771300448,0.0,,0.036771300448430494,K004+KI07+KA05
cnn_adabn,isotonic,target_real,0.41614349775784754,0.4391239768623414,0.24001245715451575,0.8343152882108952,0.49854098533661095,0.347085201793722,0.3875968992248062,0.07174887892376682,0.347085201793722,0.3875968992248062,0.07174887892376682,K004+KI07+KA05
cnn_adabn,raw,source_holdout,0.602510460251046,0.5075186251656839,0.4138417488627614,0.7914293066426348,0.5403189362032155,,,,,,,K004+KI07+KA06
cnn_adabn,raw,target_real,0.5399103139013453,0.5764696903823737,0.29346559221919283,0.7171427852942434,0.3451734522082361,0.0,,0.11121076233183856,0.0,,0.13273542600896862,K004+KI07+KA06
cnn_adabn,temperature,target_real,0.5399103139013453,0.5764696903823737,0.10905604323283757,0.5784033494530711,0.3312295706337156,0.0,,0.1273542600896861,0.0,,0.13991031390134528,K004+KI07+KA06
cnn_adabn,isotonic,target_real,0.36771300448430494,0.37342747429703954,0.3406127703563032,0.9370402770732743,0.5811666908097002,0.589237668161435,0.578386605783866,0.0,0.6878923766816144,0.5893089960886571,0.0,K004+KI07+KA06
cnn_adabn,raw,source_holdout,0.5941422594142259,0.5014775413711584,0.43340860927531377,0.8152899447638523,0.4590607116685151,,,,,,,K004+KI07+KA07
cnn_adabn,raw,target_real,0.48699551569506727,0.5123840856280476,0.33215093437937215,0.7939415098720383,0.4218544337550395,0.051121076233183856,0.08771929824561403,0.008968609865470852,0.051121076233183856,0.08771929824561403,0.008968609865470852,K004+KI07+KA07
cnn_adabn,temperature,target_real,0.48699551569506727,0.5123840856280476,0.09409271648777875,0.5989753875091335,0.3960290912338721,0.10672645739910314,0.05042016806722689,0.04035874439461883,0.10672645739910314,0.05042016806722689,0.11569506726457399,K004+KI07+KA07
cnn_adabn,isotonic,target_real,0.3955156950672646,0.3857181934430467,0.34876312473417126,0.9629764166181056,0.5670288972867734,0.7443946188340808,0.5578313253012048,0.0,0.7443946188340808,0.5578313253012048,0.0,K004+KI07+KA07
cnn_adabn,raw,source_holdout,0.6638655462184874,0.5546218487394957,0.43736078578571425,0.7310959638015458,0.6617320691702198,,,,,,,K004+KI07+KA08
cnn_adabn,raw,target_real,0.5273542600896861,0.5639471535184423,0.2776466323719283,0.7492910868506236,0.39725055018940264,0.0,,0.008071748878923767,0.0,,0.03766816143497758,K004+KI07+KA08
cnn_adabn,temperature,target_real,0.5273542600896861,0.5639471535184423,0.10878488865436015,0.59668899358745,0.3791389033812195,0.0,,0.009865470852017937,0.0,,0.09237668161434978,K004+KI07+KA08
cnn_adabn,isotonic,target_real,0.41524663677130047,0.4353462850917576,0.2257269723946254,0.8151080219249472,0.48564433783138017,0.32286995515695066,0.35,0.07174887892376682,0.32286995515695066,0.35,0.07174887892376682,K004+KI07+KA08
cnn_adabn,raw,source_holdout,0.5,0.41422200649212754,0.4053785868306723,0.87739325507901,0.49426633404681897,,,,,,,K004+KI07+KA09
cnn_adabn,raw,target_real,0.5237668161434977,0.5547453333448612,0.31569488024367703,0.7904841397869488,0.4316412865892752,0.0,,0.025112107623318385,0.0,,0.02600896860986547,K004+KI07+KA09
cnn_adabn,temperature,target_real,0.5237668161434977,0.5547453333448612,0.14759796778528358,0.6073826328831985,0.4023599649227924,0.0,,0.03139013452914798,0.0,,0.03587443946188341,K004+KI07+KA09
cnn_adabn,isotonic,target_real,0.38923766816143496,0.29458164673604115,0.38170592743946774,0.9566711504527604,0.6027736749268027,0.9013452914798207,0.6009950248756218,0.0,0.9013452914798207,0.6009950248756218,0.0,K004+KI07+KA09
cnn_adabn,raw,source_holdout,0.33613445378151263,0.22130013831258644,0.579058014015126,1.1837108096223519,0.29878775502873384,,,,,,,K004+KI08+KA01
cnn_adabn,raw,target_real,0.5937219730941704,0.624892863677657,0.2247122551955156,0.6507810012443973,0.3627592752208416,0.29775784753363227,0.4457831325301205,0.0,0.32825112107623317,0.43989071038251365,0.0,K004+KI08+KA01
cnn_adabn,temperature,target_real,0.5937219730941704,0.624892863677657,0.19754910699187742,0.6147680604661788,0.33036796946850655,0.3237668161434978,0.41274238227146814,0.0,0.34260089686098655,0.4083769633507853,0.03766816143497758,K004+KI08+KA01
cnn_adabn,isotonic,target_real,0.3147982062780269,0.277066171345313,0.3628249029059923,0.9926927147911364,0.4781642525601045,0.35874439461883406,0.5425,0.0,0.36771300448430494,0.551219512195122,0.0,K004+KI08+KA01
cnn_adabn,raw,source_holdout,0.0,0.0,0.8102821721857143,1.7339000377528537,1.0,,,,,,,K004+KI08+KA03
cnn_adabn,raw,target_real,0.6026905829596413,0.6384130749927323,0.30493884221928247,0.6903306764071022,0.3541702191425456,0.0,,0.0017937219730941704,0.0,,0.0017937219730941704,K004+KI08+KA03
cnn_adabn,temperature,target_real,0.6026905829596413,0.6384130749927323,0.19855108020687182,0.6088733637813796,0.3465557458765585,0.0,,0.023318385650224215,0.0,,0.04035874439461883,K004+KI08+KA03
cnn_adabn,isotonic,target_real,0.21614349775784752,0.1466078262246852,0.22950613977674708,0.656051528956296,0.7405946085496629,0.18385650224215247,0.9951219512195122,0.0,0.18385650224215247,0.9951219512195122,0.0,K004+KI08+KA03
cnn_adabn,raw,source_holdout,0.3459915611814346,0.19966367253188957,0.47789272281308026,0.9871169995628032,0.583179067392343,,,,,,,K004+KI08+KA05
cnn_adabn,raw,target_real,0.610762331838565,0.6450980581306734,0.22531051054600895,0.6701116247501583,0.32336277502576094,0.25112107623318386,0.425,0.09775784753363229,0.25112107623318386,0.425,0.11659192825112108,K004+KI08+KA05
cnn_adabn,temperature,target_real,0.610762331838565,0.6450980581306734,0.2155505994387695,0.6147814057892756,0.30699486900716305,0.26547085201793724,0.43243243243243246,0.09506726457399103,0.26547085201793724,0.43243243243243246,0.11121076233183856,K004+KI08+KA05
cnn_adabn,isotonic,target_real,0.40717488789237666,0.40614098133683524,0.40198007563698834,0.9616848263967219,0.49723624927286664,0.31210762331838565,0.4367816091954023,0.0,0.8,0.5818385650224215,0.0,K004+KI08+KA05
cnn_adabn,raw,source_holdout,0.33613445378151263,0.21248339973439576,0.4391197985962184,0.9943900145193378,0.31410266132702247,,,,,,,K004+KI08+KA06
cnn_adabn,raw,target_real,0.5354260089686098,0.5795321206588043,0.3079616332679821,0.7077278099588058,0.3837625658653795,0.39282511210762333,0.4520547945205479,0.0,0.4744394618834081,0.43100189035916825,0.0,K004+KI08+KA06
cnn_adabn,temperature,target_real,0.5354260089686098,0.5795321206588043,0.13694551216412126,0.6170580877479372,0.3607024258237384,0.4672645739910314,0.3896353166986564,0.042152466367713005,0.5049327354260089,0.3783303730017762,0.06098654708520179,K004+KI08+KA06
cnn_adabn,isotonic,target_real,0.3919282511210762,0.4139578511729795,0.3015684394688526,0.9043163287189776,0.6309445190180346,0.26905829596412556,0.6966666666666667,0.0726457399103139,0.2852017937219731,0.6792452830188679,0.0726457399103139,K004+KI08+KA06
cnn_adabn,raw,source_holdout,0.33613445378151263,0.16771488469601678,0.5851498867596638,1.1742295889699366,0.29878775502873384,,,,,,,K004+KI08+KA07
cnn_adabn,raw,target_real,0.6044843049327354,0.6366311291233743,0.23940181718466366,0.6595380943183998,0.38801214829122804,0.2717488789237668,0.4521452145214521,0.0,0.3183856502242152,0.4619718309859155,0.0,K004+KI08+KA07
cnn_adabn,temperature,target_real,0.6044843049327354,0.6366311291233743,0.19183753136584705,0.6076009237812017,0.35405081147346146,0.21704035874439462,0.4049586776859504,0.0,0.32645739910313903,0.4423076923076923,0.0,K004+KI08+KA07
cnn_adabn,isotonic,target_real,0.31928251121076234,0.27863600793069,0.3715332705873213,0.9267491214265202,0.6350843299960243,0.3237668161434978,0.5290858725761773,0.0,0.809865470852018,0.6234772978959026,0.0,K004+KI08+KA07
cnn_adabn,raw,source_holdout,0.31645569620253167,0.20408163265306123,0.3728705258012658,1.0397324403642025,0.8023823176297472,,,,,,,K004+KI08+KA08
cnn_adabn,raw,target_real,0.5488789237668161,0.5893728037684992,0.27600998854260095,0.6965772162757228,0.34535967459404526,0.0,,0.006278026905829596,0.0,,0.006278026905829596,K004+KI08+KA08
cnn_adabn,temperature,target_real,0.5488789237668161,0.5893728037684992,0.15049952072901684,0.6137651355583421,0.3313592409028879,0.0,,0.008071748878923767,0.0,,0.008071748878923767,K004+KI08+KA08
cnn_adabn,isotonic,target_real,0.4798206278026906,0.48386562418916385,0.11956293645931845,0.7587196844565092,0.40898197089050337,0.0,,0.0726457399103139,0.0,,0.0726457399103139,K004+KI08+KA08
cnn_adabn,raw,source_holdout,0.3333333333333333,0.16666666666666666,0.5391530543067511,1.0466178633456436,0.5092653868298588,,,,,,,K004+KI08+KA09
cnn_adabn,raw,target_real,0.44484304932735425,0.505531105585007,0.3978414134456503,0.886031084712727,0.44296368485257304,0.38026905829596414,0.5424528301886793,0.07174887892376682,0.38026905829596414,0.5424528301886793,0.08340807174887892,K004+KI08+KA09
cnn_adabn,temperature,target_real,0.44484304932735425,0.505531105585007,0.08300394067710867,0.6294013505845248,0.4356006496341626,0.3901345291479821,0.5494252873563218,0.07354260089686099,0.3901345291479821,0.5494252873563218,0.08968609865470852,K004+KI08+KA09
cnn_adabn,isotonic,target_real,0.43766816143497755,0.47476986966436313,0.35048085405686963,0.950192816337223,0.5295046985529096,0.3757847533632287,0.5369928400954654,0.0,0.7569506726457399,0.556872037914692,0.0,K004+KI08+KA09
