model,recall_healthy,recall_inner_race,recall_outer_race,calib_set
cnn,0.6666666666666666,0.50418410041841,0.1561712846347607,K001+KI01+KA01
cnn,0.3958333333333333,0.803347280334728,0.0,K001+KI01+KA03
cnn,0.3375,0.33472803347280333,0.2518891687657431,K001+KI01+KA05
cnn,0.6666666666666666,0.5209205020920502,0.06297229219143577,K001+KI01+KA06
cnn,0.6666666666666666,0.36401673640167365,0.21158690176322417,K001+KI01+KA07
cnn,0.0125,0.33472803347280333,0.14105793450881612,K001+KI01+KA08
cnn,0.20833333333333334,0.3807531380753138,0.14105793450881612,K001+KI01+KA09
cnn,0.14166666666666666,0.4372384937238494,0.26700251889168763,K001+KI03+KA01
cnn,0.3333333333333333,0.7782426778242678,0.010075566750629723,K001+KI03+KA03
cnn,0.058333333333333334,0.4435146443514644,0.3929471032745592,K001+KI03+KA05
cnn,0.32916666666666666,0.40794979079497906,0.29219143576826195,K001+KI03+KA06
cnn,0.32916666666666666,0.3786610878661088,0.2795969773299748,K001+KI03+KA07
cnn,0.3333333333333333,0.36610878661087864,0.3022670025188917,K001+KI03+KA08
cnn,0.35,0.3493723849372385,0.3602015113350126,K001+KI03+KA09
cnn,0.5041666666666667,0.4435146443514644,0.17884130982367757,K001+KI05+KA01
cnn,0.6,0.698744769874477,0.0025188916876574307,K001+KI05+KA03
cnn,0.3416666666666667,0.40376569037656906,0.22921914357682618,K001+KI05+KA05
cnn,0.55,0.4330543933054393,0.10579345088161209,K001+KI05+KA06
cnn,0.4791666666666667,0.3702928870292887,0.20151133501259447,K001+KI05+KA07
cnn,0.37083333333333335,0.4246861924686193,0.042821158690176324,K001+KI05+KA08
cnn,0.5833333333333334,0.35355648535564854,0.2040302267002519,K001+KI05+KA09
cnn,1.0,0.502092050209205,0.4156171284634761,K001+KI07+KA01
cnn,0.9958333333333333,0.9309623430962343,0.0,K001+KI07+KA03
cnn,0.8291666666666667,0.502092050209205,0.20151133501259447,K001+KI07+KA05
cnn,1.0,0.502092050209205,0.3677581863979849,K001+KI07+KA06
cnn,1.0,0.50418410041841,0.32997481108312343,K001+KI07+KA07
cnn,0.9166666666666666,0.502092050209205,0.20906801007556675,K001+KI07+KA08
cnn,0.925,0.502092050209205,0.20151133501259447,K001+KI07+KA09
cnn,0.6541666666666667,0.303347280334728,0.6045340050377834,K001+KI08+KA01
cnn,0.6666666666666666,0.5,0.37279596977329976,K001+KI08+KA03
cnn,0.3541666666666667,0.16736401673640167,0.6020151133501259,K001+KI08+KA05
cnn,0.6125,0.33472803347280333,0.3954659949622166,K001+KI08+KA06
cnn,0.36666666666666664,0.33472803347280333,0.36523929471032746,K001+KI08+KA07
cnn,0.6,0.33472803347280333,0.4760705289672544,K001+KI08+KA08
cnn,0.6666666666666666,0.3284518828451883,0.3979848866498741,K001+KI08+KA09
cnn,0.6666666666666666,0.3368200836820084,0.3123425692695214,K002+KI01+KA01
cnn,0.6666666666666666,0.6569037656903766,0.20151133501259447,K002+KI01+KA03
cnn,0.6791666666666667,0.33472803347280333,0.72544080604534,K002+KI01+KA05
cnn,0.6666666666666666,0.33472803347280333,0.654911838790932,K002+KI01+KA06
cnn,0.6666666666666666,0.4581589958158996,0.042821158690176324,K002+KI01+KA07
cnn,0.6666666666666666,0.3389121338912134,0.43828715365239296,K002+KI01+KA08
cnn,0.6666666666666666,0.33472803347280333,0.7884130982367759,K002+KI01+KA09
cnn,0.6666666666666666,0.34309623430962344,0.4987405541561713,K002+KI03+KA01
cnn,0.6666666666666666,0.3410041841004184,0.3879093198992443,K002+KI03+KA03
cnn,0.6666666666666666,0.4205020920502092,0.3904282115869018,K002+KI03+KA05
cnn,0.6666666666666666,0.33472803347280333,0.5843828715365239,K002+KI03+KA06
cnn,0.6666666666666666,0.33472803347280333,0.5692695214105793,K002+KI03+KA07
cnn,0.6666666666666666,0.39539748953974896,0.30982367758186397,K002+KI03+KA08
cnn,0.6666666666666666,0.34518828451882844,0.4282115869017632,K002+KI03+KA09
cnn,0.6666666666666666,0.3389121338912134,0.2770780856423174,K002+KI05+KA01
cnn,0.6666666666666666,0.8284518828451883,0.0,K002+KI05+KA03
cnn,0.6666666666666666,0.33472803347280333,0.4357682619647355,K002+KI05+KA05
cnn,0.6666666666666666,0.33472803347280333,0.17380352644836272,K002+KI05+KA06
cnn,0.6666666666666666,0.5292887029288703,0.020151133501259445,K002+KI05+KA07
cnn,0.6666666666666666,0.33472803347280333,0.4609571788413098,K002+KI05+KA08
cnn,0.6708333333333333,0.3577405857740586,0.14609571788413098,K002+KI05+KA09
cnn,1.0,0.17573221757322174,0.7657430730478589,K002+KI07+KA01
cnn,0.8583333333333333,0.5878661087866108,0.2594458438287154,K002+KI07+KA03
cnn,0.9666666666666667,0.30962343096234307,0.17632241813602015,K002+KI07+KA05
cnn,0.7041666666666667,0.16736401673640167,0.7204030226700252,K002+KI07+KA06
cnn,0.7291666666666666,0.4811715481171548,0.1309823677581864,K002+KI07+KA07
cnn,0.9958333333333333,0.27615062761506276,0.5390428211586902,K002+KI07+KA08
cnn,0.9916666666666667,0.29916317991631797,0.473551637279597,K002+KI07+KA09
cnn,0.6666666666666666,0.33472803347280333,0.5919395465994962,K002+KI08+KA01
cnn,0.6666666666666666,0.5,0.5264483627204031,K002+KI08+KA03
cnn,0.6666666666666666,0.33472803347280333,0.5717884130982368,K002+KI08+KA05
cnn,0.6666666666666666,0.33472803347280333,0.7052896725440806,K002+KI08+KA06
cnn,0.6666666666666666,0.33472803347280333,0.7178841309823678,K002+KI08+KA07
cnn,0.6666666666666666,0.3368200836820084,0.28967254408060455,K002+KI08+KA08
cnn,0.6666666666666666,0.33472803347280333,0.345088161209068,K002+KI08+KA09
cnn,0.6541666666666667,0.4100418410041841,0.5869017632241813,K004+KI01+KA01
cnn,0.6666666666666666,0.7531380753138075,0.0,K004+KI01+KA03
cnn,0.6666666666666666,0.497907949790795,0.42317380352644834,K004+KI01+KA05
cnn,0.6583333333333333,0.5083682008368201,0.28211586901763225,K004+KI01+KA06
cnn,0.6625,0.46443514644351463,0.38287153652392947,K004+KI01+KA07
cnn,0.6666666666666666,0.4916317991631799,0.4080604534005038,K004+KI01+KA08
cnn,0.6666666666666666,0.4435146443514644,0.2518891687657431,K004+KI01+KA09
cnn,0.6666666666666666,0.33472803347280333,0.380352644836272,K004+KI03+KA01
cnn,0.6625,0.7573221757322176,0.06297229219143577,K004+KI03+KA03
cnn,0.6666666666666666,0.33472803347280333,0.35516372795969775,K004+KI03+KA05
cnn,0.6666666666666666,0.33472803347280333,0.2770780856423174,K004+KI03+KA06
cnn,0.6666666666666666,0.41631799163179917,0.19899244332493704,K004+KI03+KA07
cnn,0.6666666666666666,0.33472803347280333,0.5138539042821159,K004+KI03+KA08
cnn,0.6666666666666666,0.33472803347280333,0.43828715365239296,K004+KI03+KA09
cnn,0.6666666666666666,0.33472803347280333,0.2518891687657431,K004+KI05+KA01
cnn,0.6666666666666666,0.8347280334728033,0.0,K004+KI05+KA03
cnn,0.6666666666666666,0.49581589958158995,0.20654911838790932,K004+KI05+KA05
cnn,0.6666666666666666,0.3389121338912134,0.08564231738035265,K004+KI05+KA06
cnn,0.6666666666666666,0.40585774058577406,0.04030226700251889,K004+KI05+KA07
cnn,0.6666666666666666,0.16736401673640167,0.6095717884130982,K004+KI05+KA08
cnn,0.6666666666666666,0.33472803347280333,0.49370277078085645,K004+KI05+KA09
cnn,0.6666666666666666,0.50418410041841,0.07052896725440806,K004+KI07+KA01
cnn,0.6625,0.8828451882845189,0.0,K004+KI07+KA03
cnn,0.6666666666666666,0.502092050209205,0.08564231738035265,K004+KI07+KA05
cnn,0.6666666666666666,0.49581589958158995,0.3602015113350126,K004+KI07+KA06
cnn,0.6666666666666666,0.5460251046025104,0.09319899244332494,K004+KI07+KA07
cnn,0.6666666666666666,0.46234309623430964,0.2367758186397985,K004+KI07+KA08
cnn,0.6666666666666666,0.42677824267782427,0.48614609571788414,K004+KI07+KA09
cnn,0.6375,0.3514644351464435,0.8413098236775819,K004+KI08+KA01
cnn,0.6458333333333334,0.5,0.5012594458438288,K004+KI08+KA03
cnn,0.6625,0.19246861924686193,0.7984886649874056,K004+KI08+KA05
cnn,0.6666666666666666,0.3514644351464435,0.7204030226700252,K004+KI08+KA06
cnn,0.6625,0.39748953974895396,0.8866498740554156,K004+KI08+KA07
cnn,0.4,0.2698744769874477,0.6095717884130982,K004+KI08+KA08
cnn,0.6125,0.40794979079497906,0.34005037783375314,K004+KI08+KA09
