,,accuracy,accuracy,accuracy,accuracy,macro_f1,macro_f1,macro_f1,macro_f1,ece,ece,ece,ece,brier,brier,brier,brier,aurc,aurc,aurc,aurc,auto_rate@5%,auto_rate@5%,auto_rate@5%,auto_rate@5%,auto_error@5%,auto_error@5%,auto_error@5%,auto_error@5%,oracle_auto_rate@5%,oracle_auto_rate@5%,oracle_auto_rate@5%,oracle_auto_rate@5%,auto_rate@1%,auto_rate@1%,auto_rate@1%,auto_rate@1%,auto_error@1%,auto_error@1%,auto_error@1%,auto_error@1%,oracle_auto_rate@1%,oracle_auto_rate@1%,oracle_auto_rate@1%,oracle_auto_rate@1%,share_rotations_error_above_5%
,,mean,std,min,max,mean,std,min,max,mean,std,min,max,mean,std,min,max,mean,std,min,max,mean,std,min,max,mean,std,min,max,mean,std,min,max,mean,std,min,max,mean,std,min,max,mean,std,min,max,
model,calibration,,,,,,,,,,,,,,,,,,,,,,,,,,,,,,,,,,,,,,,,,,,,,
random_forest,isotonic,0.6552,0.0211,0.5898,0.6984,0.6132,0.0282,0.5086,0.669,0.1969,0.056,0.0631,0.2949,0.5425,0.0468,0.4363,0.6801,0.2365,0.0312,0.1767,0.3088,0.7275,0.2501,0.0,0.9991,0.2518,0.0799,0.0492,0.3549,0.0067,0.0313,0.0,0.237,0.5598,0.2326,0.0,0.9632,0.1956,0.0807,0.0391,0.5333,0.0013,0.0096,0.0,0.088,0.9903
random_forest,raw,0.6619,0.0135,0.6311,0.6912,0.6096,0.0192,0.5779,0.6545,0.1746,0.0189,0.1307,0.2252,0.4999,0.0292,0.4471,0.5808,0.159,0.0165,0.1331,0.2128,0.5261,0.2132,0.0,0.9758,0.1699,0.0742,0.041,0.3201,0.2643,0.0684,0.0,0.3618,0.3524,0.1804,0.0,0.6481,0.1033,0.0666,0.0,0.2202,0.1033,0.0784,0.0,0.2289,0.9515
random_forest,temperature,0.6619,0.0135,0.6311,0.6912,0.6096,0.0192,0.5779,0.6545,0.125,0.0618,0.0358,0.2784,0.4754,0.0447,0.402,0.6082,0.1563,0.0144,0.1314,0.1898,0.5379,0.201,0.0,0.9767,0.1708,0.0723,0.0359,0.3235,0.2652,0.0667,0.0,0.3609,0.3552,0.1784,0.0,0.6472,0.1032,0.0652,0.0,0.2157,0.1021,0.0747,0.0,0.2118,0.9806
svm,isotonic,0.6616,0.0421,0.5054,0.719,0.6203,0.0412,0.4817,0.6798,0.1997,0.0444,0.0662,0.2934,0.5423,0.0316,0.4327,0.624,0.2508,0.0403,0.1775,0.3435,0.7326,0.2765,0.1553,1.0,0.2594,0.0709,0.0704,0.3841,0.0051,0.03,0.0,0.2154,0.5729,0.248,0.0996,1.0,0.2125,0.0587,0.0704,0.3694,0.0,0.0,0.0,0.0,1.0
svm,raw,0.6444,0.0428,0.5485,0.7047,0.589,0.0351,0.5035,0.6621,0.1933,0.0307,0.1426,0.3012,0.5349,0.0497,0.4491,0.681,0.205,0.0439,0.1401,0.3275,0.463,0.1964,0.0,0.9192,0.2052,0.0644,0.0486,0.3301,0.1213,0.0689,0.0009,0.2899,0.2985,0.145,0.0,0.5521,0.1432,0.0578,0.0468,0.2732,0.0378,0.0336,0.0009,0.1364,0.98
svm,temperature,0.6444,0.0428,0.5485,0.7047,0.589,0.0351,0.5035,0.6621,0.118,0.0682,0.0225,0.2704,0.4995,0.0514,0.404,0.6133,0.2033,0.0418,0.1388,0.3223,0.4697,0.1944,0.0,0.9443,0.2042,0.0669,0.0155,0.3375,0.1254,0.0711,0.0009,0.3079,0.3042,0.1456,0.0,0.5727,0.1416,0.0596,0.0155,0.2853,0.039,0.0335,0.0009,0.1364,0.99
xgboost,isotonic,0.6586,0.0226,0.6005,0.6948,0.6182,0.0289,0.5404,0.6642,0.1937,0.0684,0.0304,0.3424,0.5346,0.0628,0.3946,0.6941,0.2208,0.0413,0.1433,0.3417,0.7101,0.2576,0.0566,1.0,0.2352,0.0917,0.0377,0.3507,0.0269,0.0689,0.0,0.2899,0.5329,0.2265,0.0566,0.9461,0.1688,0.0874,0.0377,0.3473,0.0,0.0,0.0,0.0,0.9714
xgboost,raw,0.6674,0.016,0.6311,0.7002,0.6137,0.0217,0.5828,0.6581,0.2547,0.0195,0.2228,0.3033,0.5622,0.0314,0.5147,0.6482,0.1461,0.0159,0.1254,0.2027,0.5122,0.2245,0.0224,0.868,0.1482,0.0813,0.0,0.2879,0.3185,0.0908,0.0,0.4264,0.3327,0.1932,0.0224,0.6508,0.0779,0.0555,0.0,0.2152,0.0572,0.0503,0.0,0.2208,0.8667
xgboost,temperature,0.6674,0.016,0.6311,0.7002,0.6137,0.0217,0.5828,0.6581,0.14,0.0489,0.0735,0.2392,0.465,0.0415,0.3999,0.552,0.1446,0.0146,0.1238,0.195,0.5173,0.2197,0.0,0.8555,0.1497,0.0793,0.0,0.2826,0.3176,0.0853,0.0,0.4255,0.3315,0.1914,0.0,0.6517,0.078,0.055,0.0,0.2114,0.0618,0.0549,0.0,0.2002,0.8846
