model,method,nominal_coverage,coverage,mean_set_size,singleton_rate,singleton_error,calib_set
random_forest,marginal,0.9,0.8161434977578476,1.4358744394618834,0.62152466367713,0.20346320346320346,K001+KI01+KA01
random_forest,class_conditional,0.9,0.7210762331838565,0.9417040358744395,0.862780269058296,0.2068607068607069,K001+KI01+KA01
svm,marginal,0.9,0.8278026905829596,2.3246636771300446,0.12914798206278028,0.3819444444444444,K001+KI01+KA01
svm,class_conditional,0.9,0.7569506726457399,1.768609865470852,0.3076233183856502,0.5364431486880467,K001+KI01+KA01
xgboost,marginal,0.9,0.8233183856502242,1.3443946188340807,0.6816143497757847,0.23289473684210527,K001+KI01+KA01
xgboost,class_conditional,0.9,0.7004484304932735,1.010762331838565,0.8367713004484305,0.2572347266881029,K001+KI01+KA01
random_forest,marginal,0.9,0.8242152466367713,1.516591928251121,0.5910313901345291,0.16995447647951445,K001+KI01+KA03
random_forest,class_conditional,0.9,0.7874439461883408,1.169506726457399,0.8251121076233184,0.2108695652173913,K001+KI01+KA03
svm,marginal,0.9,0.905829596412556,2.3219730941704038,0.12466367713004484,0.12230215827338131,K001+KI01+KA03
svm,class_conditional,0.9,0.9076233183856502,2.149775784753363,0.19641255605381167,0.32420091324200917,K001+KI01+KA03
xgboost,marginal,0.9,0.7713004484304933,1.328251121076233,0.7327354260089686,0.2913096695226438,K001+KI01+KA03
xgboost,class_conditional,0.9,0.7838565022421524,1.2753363228699552,0.7300448430493274,0.2764127764127764,K001+KI01+KA03
random_forest,marginal,0.9,0.8080717488789237,1.3121076233183857,0.6896860986547085,0.1950585175552666,K001+KI01+KA05
random_forest,class_conditional,0.9,0.8116591928251121,1.3434977578475336,0.6618834080717488,0.19512195121951215,K001+KI01+KA05
svm,marginal,0.9,0.8278026905829596,1.9919282511210763,0.17488789237668162,0.24102564102564106,K001+KI01+KA05
svm,class_conditional,0.9,0.7031390134529149,1.5452914798206279,0.4098654708520179,0.42231947483588617,K001+KI01+KA05
xgboost,marginal,0.9,0.8026905829596412,1.3219730941704035,0.7417040358744394,0.24062877871825872,K001+KI01+KA05
xgboost,class_conditional,0.9,0.7892376681614349,1.2600896860986548,0.7399103139013453,0.2545454545454545,K001+KI01+KA05
random_forest,marginal,0.9,0.8,1.4771300448430493,0.5991031390134529,0.20359281437125754,K001+KI01+KA06
random_forest,class_conditional,0.9,0.6878923766816144,0.9829596412556054,0.747982062780269,0.21702637889688248,K001+KI01+KA06
svm,marginal,0.9,0.8322869955156951,1.9739910313901345,0.19820627802690582,0.23076923076923073,K001+KI01+KA06
svm,class_conditional,0.9,0.589237668161435,1.3228699551569507,0.4349775784753363,0.465979381443299,K001+KI01+KA06
xgboost,marginal,0.9,0.7937219730941704,1.4340807174887893,0.6708520179372197,0.2767379679144385,K001+KI01+KA06
xgboost,class_conditional,0.9,0.6421524663677131,0.9605381165919282,0.7524663677130045,0.27056019070321813,K001+KI01+KA06
random_forest,marginal,0.9,0.7982062780269058,1.5112107623318385,0.5713004484304933,0.19780219780219777,K001+KI01+KA07
random_forest,class_conditional,0.9,0.5641255605381166,0.852017937219731,0.6349775784753363,0.2612994350282486,K001+KI01+KA07
svm,marginal,0.9,0.8403587443946189,2.008071748878924,0.18834080717488788,0.20952380952380956,K001+KI01+KA07
svm,class_conditional,0.9,0.5775784753363229,1.3381165919282512,0.39641255605381165,0.5090497737556561,K001+KI01+KA07
xgboost,marginal,0.9,0.7784753363228699,1.4331838565022421,0.683408071748879,0.2965879265091863,K001+KI01+KA07
xgboost,class_conditional,0.9,0.6636771300448431,0.9847533632286996,0.8161434977578476,0.2824175824175824,K001+KI01+KA07
random_forest,marginal,0.9,0.8017937219730942,1.4968609865470852,0.5847533632286995,0.1978527607361963,K001+KI01+KA08
random_forest,class_conditional,0.9,0.5739910313901345,0.8878923766816144,0.6098654708520179,0.2485294117647059,K001+KI01+KA08
svm,marginal,0.9,0.841255605381166,2.004484304932735,0.19103139013452916,0.2018779342723005,K001+KI01+KA08
svm,class_conditional,0.9,0.5766816143497758,1.3291479820627803,0.39820627802690584,0.5,K001+KI01+KA08
xgboost,marginal,0.9,0.7955156950672646,1.4502242152466367,0.6654708520179372,0.27762803234501343,K001+KI01+KA08
xgboost,class_conditional,0.9,0.6959641255605381,1.0358744394618835,0.7381165919282511,0.24301336573511545,K001+KI01+KA08
random_forest,marginal,0.9,0.809865470852018,1.5345291479820629,0.5704035874439461,0.19182389937106914,K001+KI01+KA09
random_forest,class_conditional,0.9,0.704932735426009,0.9928251121076234,0.7632286995515695,0.20446533490011753,K001+KI01+KA09
svm,marginal,0.9,0.8367713004484305,2.008071748878924,0.19551569506726457,0.20642201834862384,K001+KI01+KA09
svm,class_conditional,0.9,0.5856502242152466,1.3497757847533631,0.41524663677130047,0.5075593952483801,K001+KI01+KA09
xgboost,marginal,0.9,0.7973094170403587,1.4654708520179371,0.6529147982062781,0.2623626373626373,K001+KI01+KA09
xgboost,class_conditional,0.9,0.6986547085201794,1.042152466367713,0.7300448430493274,0.2395577395577395,K001+KI01+KA09
random_forest,marginal,0.9,0.8475336322869955,1.8071748878923768,0.431390134529148,0.3201663201663202,K001+KI03+KA01
random_forest,class_conditional,0.9,0.8188340807174888,1.6071748878923766,0.41434977578475335,0.34199134199134196,K001+KI03+KA01
svm,marginal,0.9,0.9264573991031391,2.27085201793722,0.15515695067264573,0.38150289017341044,K001+KI03+KA01
svm,class_conditional,0.9,0.758744394618834,1.9560538116591928,0.33004484304932735,0.4347826086956522,K001+KI03+KA01
xgboost,marginal,0.9,0.8125560538116592,1.6887892376681615,0.5524663677130045,0.3262987012987013,K001+KI03+KA01
xgboost,class_conditional,0.9,0.7910313901345292,1.493273542600897,0.5076233183856502,0.3286219081272085,K001+KI03+KA01
random_forest,marginal,0.9,0.8394618834080717,1.8044843049327355,0.4923766816143498,0.2659380692167578,K001+KI03+KA03
random_forest,class_conditional,0.9,0.810762331838565,1.6771300448430493,0.3434977578475336,0.3655352480417755,K001+KI03+KA03
svm,marginal,0.9,0.8932735426008969,1.9345291479820628,0.3130044843049327,0.3065902578796562,K001+KI03+KA03
svm,class_conditional,0.9,0.7327354260089686,1.7300448430493274,0.44035874439461886,0.4460285132382892,K001+KI03+KA03
xgboost,marginal,0.9,0.7892376681614349,1.5919282511210762,0.62152466367713,0.3232323232323232,K001+KI03+KA03
xgboost,class_conditional,0.9,0.757847533632287,1.3946188340807175,0.6053811659192825,0.3111111111111111,K001+KI03+KA03
random_forest,marginal,0.9,0.8466367713004485,1.7479820627802691,0.4959641255605381,0.2784810126582279,K001+KI03+KA05
random_forest,class_conditional,0.9,0.8143497757847533,1.7156950672645739,0.32286995515695066,0.3194444444444444,K001+KI03+KA05
svm,marginal,0.9,0.9040358744394619,2.1013452914798205,0.17309417040358743,0.47150259067357514,K001+KI03+KA05
svm,class_conditional,0.9,0.6654708520179372,1.6376681614349775,0.41076233183856503,0.43886462882096067,K001+KI03+KA05
xgboost,marginal,0.9,0.7928251121076233,1.674439461883408,0.6134529147982063,0.32748538011695905,K001+KI03+KA05
xgboost,class_conditional,0.9,0.7964125560538117,1.452914798206278,0.5497757847533632,0.27079934747145185,K001+KI03+KA05
random_forest,marginal,0.9,0.8493273542600897,1.8690582959641255,0.4556053811659193,0.2854330708661418,K001+KI03+KA06
random_forest,class_conditional,0.9,0.6556053811659193,1.3542600896860986,0.6439461883408072,0.4623955431754875,K001+KI03+KA06
svm,marginal,0.9,0.8914798206278027,2.008968609865471,0.21345291479820627,0.4285714285714286,K001+KI03+KA06
svm,class_conditional,0.9,0.5524663677130045,1.4376681614349776,0.5623318385650224,0.5342902711323764,K001+KI03+KA06
xgboost,marginal,0.9,0.8053811659192825,1.652914798206278,0.5838565022421525,0.31182795698924726,K001+KI03+KA06
xgboost,class_conditional,0.9,0.705829596412556,1.3345291479820627,0.6654708520179372,0.376010781671159,K001+KI03+KA06
random_forest,marginal,0.9,0.8502242152466367,1.8188340807174888,0.46905829596412557,0.27724665391969405,K001+KI03+KA07
random_forest,class_conditional,0.9,0.6995515695067265,1.3443946188340807,0.6538116591928251,0.411522633744856,K001+KI03+KA07
svm,marginal,0.9,0.8923766816143498,2.022421524663677,0.20896860986547086,0.42060085836909866,K001+KI03+KA07
svm,class_conditional,0.9,0.547085201793722,1.3847533632286995,0.5919282511210763,0.5787878787878789,K001+KI03+KA07
xgboost,marginal,0.9,0.7811659192825112,1.6143497757847534,0.6125560538116592,0.3323572474377745,K001+KI03+KA07
xgboost,class_conditional,0.9,0.7309417040358744,1.3614349775784753,0.6385650224215247,0.3595505617977528,K001+KI03+KA07
random_forest,marginal,0.9,0.8376681614349776,1.7434977578475337,0.5085201793721973,0.28395061728395066,K001+KI03+KA08
random_forest,class_conditional,0.9,0.6206278026905829,1.3641255605381166,0.6304932735426009,0.5035561877667141,K001+KI03+KA08
svm,marginal,0.9,0.895067264573991,2.030493273542601,0.2062780269058296,0.4173913043478261,K001+KI03+KA08
svm,class_conditional,0.9,0.5479820627802691,1.3847533632286995,0.5919282511210763,0.5772727272727273,K001+KI03+KA08
xgboost,marginal,0.9,0.8179372197309417,1.6807174887892378,0.5668161434977579,0.29905063291139244,K001+KI03+KA08
xgboost,class_conditional,0.9,0.7031390134529149,1.3327354260089685,0.6672645739910313,0.3803763440860215,K001+KI03+KA08
random_forest,marginal,0.9,0.842152466367713,1.7856502242152466,0.4852017937219731,0.2902033271719039,K001+KI03+KA09
random_forest,class_conditional,0.9,0.7219730941704036,1.4869955156950672,0.5130044843049327,0.4248251748251748,K001+KI03+KA09
svm,marginal,0.9,0.8977578475336323,2.060089686098655,0.1937219730941704,0.42592592592592593,K001+KI03+KA09
svm,class_conditional,0.9,0.5515695067264574,1.4134529147982062,0.5739910313901345,0.56875,K001+KI03+KA09
xgboost,marginal,0.9,0.8044843049327354,1.6609865470852019,0.5847533632286995,0.3159509202453987,K001+KI03+KA09
xgboost,class_conditional,0.9,0.7165919282511211,1.345291479820628,0.6547085201793722,0.36575342465753424,K001+KI03+KA09
random_forest,marginal,0.9,0.758744394618834,1.0340807174887892,0.9461883408071748,0.22369668246445495,K001+KI05+KA01
random_forest,class_conditional,0.9,0.7704035874439462,1.0582959641255605,0.9273542600896861,0.21083172147001938,K001+KI05+KA01
svm,marginal,0.9,0.9533632286995516,2.1300448430493275,0.2,0.04932735426008972,K001+KI05+KA01
svm,class_conditional,0.9,0.8430493273542601,2.012556053811659,0.19192825112107623,0.07476635514018692,K001+KI05+KA01
xgboost,marginal,0.9,0.7246636771300449,1.2672645739910313,0.7560538116591928,0.27402135231316727,K001+KI05+KA01
xgboost,class_conditional,0.9,0.6206278026905829,0.8986547085201794,0.8807174887892377,0.30549898167006106,K001+KI05+KA01
random_forest,marginal,0.9,0.7641255605381166,1.1417040358744395,0.8565022421524664,0.23979057591623032,K001+KI05+KA03
random_forest,class_conditional,0.9,0.7623318385650224,1.105829596412556,0.8923766816143498,0.23517587939698492,K001+KI05+KA03
svm,marginal,0.9,0.9766816143497757,2.095964125560538,0.24035874439461882,0.03358208955223885,K001+KI05+KA03
svm,class_conditional,0.9,0.9856502242152466,2.1820627802690584,0.17847533632286997,0.025125628140703515,K001+KI05+KA03
xgboost,marginal,0.9,0.7605381165919283,1.3183856502242153,0.7417040358744394,0.2998790810157195,K001+KI05+KA03
xgboost,class_conditional,0.9,0.695067264573991,1.1201793721973095,0.8798206278026905,0.33435270132517836,K001+KI05+KA03
random_forest,marginal,0.9,0.7829596412556054,1.0896860986547086,0.8762331838565023,0.19959058341862845,K001+KI05+KA05
random_forest,class_conditional,0.9,0.7919282511210762,1.115695067264574,0.862780269058296,0.19750519750519746,K001+KI05+KA05
svm,marginal,0.9,0.9327354260089686,1.9964125560538117,0.2645739910313901,0.037288135593220306,K001+KI05+KA05
svm,class_conditional,0.9,0.7964125560538117,1.5838565022421525,0.4233183856502242,0.13559322033898302,K001+KI05+KA05
xgboost,marginal,0.9,0.7345291479820628,1.1811659192825112,0.8286995515695067,0.27922077922077926,K001+KI05+KA05
xgboost,class_conditional,0.9,0.683408071748879,0.9345291479820628,0.9130044843049328,0.2632612966601179,K001+KI05+KA05
random_forest,marginal,0.9,0.7506726457399103,1.1103139013452914,0.8825112107623319,0.2510162601626016,K001+KI05+KA06
random_forest,class_conditional,0.9,0.6161434977578475,0.8484304932735426,0.7318385650224215,0.19852941176470584,K001+KI05+KA06
svm,marginal,0.9,0.9542600896860987,1.9973094170403587,0.30134529147982064,0.044642857142857095,K001+KI05+KA06
svm,class_conditional,0.9,0.7461883408071749,1.5103139013452915,0.4304932735426009,0.17708333333333337,K001+KI05+KA06
xgboost,marginal,0.9,0.7515695067264574,1.3408071748878925,0.7291479820627803,0.30750307503075036,K001+KI05+KA06
xgboost,class_conditional,0.9,0.44484304932735425,0.7255605381165919,0.705829596412556,0.38373570520965694,K001+KI05+KA06
random_forest,marginal,0.9,0.7399103139013453,1.1470852017937219,0.8511210762331839,0.2687038988408852,K001+KI05+KA07
random_forest,class_conditional,0.9,0.6394618834080718,0.8807174887892377,0.747982062780269,0.1930455635491607,K001+KI05+KA07
svm,marginal,0.9,0.9623318385650225,2.0179372197309418,0.295067264573991,0.03951367781155013,K001+KI05+KA07
svm,class_conditional,0.9,0.6304932735426009,1.3964125560538116,0.3076233183856502,0.24489795918367352,K001+KI05+KA07
xgboost,marginal,0.9,0.7381165919282511,1.3614349775784753,0.7273542600896861,0.32675709001233044,K001+KI05+KA07
xgboost,class_conditional,0.9,0.5937219730941704,0.8968609865470852,0.7892376681614349,0.3102272727272727,K001+KI05+KA07
random_forest,marginal,0.9,0.7542600896860987,1.1668161434977578,0.8295964125560538,0.26054054054054054,K001+KI05+KA08
random_forest,class_conditional,0.9,0.5587443946188341,0.7730941704035874,0.6905829596412556,0.21558441558441555,K001+KI05+KA08
svm,marginal,0.9,0.9632286995515695,2.022421524663677,0.295067264573991,0.04255319148936165,K001+KI05+KA08
svm,class_conditional,0.9,0.6295964125560538,1.3910313901345293,0.3040358744394619,0.2359882005899705,K001+KI05+KA08
xgboost,marginal,0.9,0.7713004484304933,1.4269058295964125,0.6860986547085202,0.2849673202614379,K001+KI05+KA08
xgboost,class_conditional,0.9,0.5605381165919282,0.8466367713004485,0.7856502242152467,0.3253424657534246,K001+KI05+KA08
random_forest,marginal,0.9,0.757847533632287,1.1542600896860986,0.8439461883408071,0.2561105207226355,K001+KI05+KA09
random_forest,class_conditional,0.9,0.6825112107623318,0.9820627802690582,0.7614349775784753,0.199057714958775,K001+KI05+KA09
svm,marginal,0.9,0.9721973094170404,2.0753363228699553,0.26905829596412556,0.026666666666666616,K001+KI05+KA09
svm,class_conditional,0.9,0.7228699551569506,1.4968609865470852,0.3901345291479821,0.19080459770114944,K001+KI05+KA09
xgboost,marginal,0.9,0.768609865470852,1.422421524663677,0.6780269058295965,0.2566137566137566,K001+KI05+KA09
xgboost,class_conditional,0.9,0.5668161434977579,0.8358744394618834,0.7748878923766817,0.3032407407407407,K001+KI05+KA09
random_forest,marginal,0.9,0.8215246636771301,1.4215246636771302,0.6367713004484304,0.2014084507042253,K001+KI07+KA01
random_forest,class_conditional,0.9,0.6053811659192825,0.852017937219731,0.8502242152466367,0.2890295358649789,K001+KI07+KA01
svm,marginal,0.9,0.8860986547085202,1.8699551569506727,0.2968609865470852,0.11178247734138969,K001+KI07+KA01
svm,class_conditional,0.9,0.6017937219730942,1.2349775784753363,0.6717488789237668,0.4445927903871829,K001+KI07+KA01
xgboost,marginal,0.9,0.7748878923766817,1.3318385650224216,0.7291479820627803,0.2767527675276753,K001+KI07+KA01
xgboost,class_conditional,0.9,0.5713004484304933,0.874439461883408,0.8654708520179372,0.3450777202072539,K001+KI07+KA01
random_forest,marginal,0.9,0.8143497757847533,1.452914798206278,0.6260089686098654,0.18481375358166185,K001+KI07+KA03
random_forest,class_conditional,0.9,0.5838565022421525,0.8717488789237668,0.7892376681614349,0.3102272727272727,K001+KI07+KA03
svm,marginal,0.9,0.9811659192825112,2.1210762331838566,0.2295964125560538,0.0390625,K001+KI07+KA03
svm,class_conditional,0.9,0.8932735426008969,1.5668161434977579,0.4493273542600897,0.16367265469061876,K001+KI07+KA03
xgboost,marginal,0.9,0.7730941704035874,1.3605381165919284,0.7246636771300449,0.29331683168316836,K001+KI07+KA03
xgboost,class_conditional,0.9,0.5955156950672645,1.0582959641255605,0.7569506726457399,0.38507109004739337,K001+KI07+KA03
random_forest,marginal,0.9,0.8062780269058296,1.3121076233183857,0.6968609865470852,0.2072072072072072,K001+KI07+KA05
random_forest,class_conditional,0.9,0.537219730941704,0.7865470852017937,0.7793721973094171,0.3153049482163406,K001+KI07+KA05
svm,marginal,0.9,0.8609865470852018,1.7085201793721974,0.40717488789237666,0.07929515418502198,K001+KI07+KA05
svm,class_conditional,0.9,0.5201793721973094,0.852914798206278,0.7399103139013453,0.36363636363636365,K001+KI07+KA05
xgboost,marginal,0.9,0.7614349775784753,1.22152466367713,0.7946188340807175,0.26749435665914223,K001+KI07+KA05
xgboost,class_conditional,0.9,0.5210762331838565,0.8125560538116592,0.8125560538116592,0.35871964679911694,K001+KI07+KA05
random_forest,marginal,0.9,0.7982062780269058,1.462780269058296,0.6224215246636772,0.20893371757925072,K001+KI07+KA06
random_forest,class_conditional,0.9,0.35695067264573993,0.5399103139013453,0.5399103139013453,0.3388704318936877,K001+KI07+KA06
svm,marginal,0.9,0.8663677130044843,1.7112107623318387,0.4358744394618834,0.09465020576131689,K001+KI07+KA06
svm,class_conditional,0.9,0.5210762331838565,0.8134529147982063,0.7147982062780269,0.3362609786700126,K001+KI07+KA06
xgboost,marginal,0.9,0.7919282511210762,1.4439461883408071,0.6753363228699552,0.2735723771580345,K001+KI07+KA06
xgboost,class_conditional,0.9,0.43228699551569505,0.7192825112107624,0.7192825112107624,0.39900249376558605,K001+KI07+KA06
random_forest,marginal,0.9,0.7982062780269058,1.4798206278026906,0.6053811659192825,0.20592592592592596,K001+KI07+KA07
random_forest,class_conditional,0.9,0.3874439461883408,0.5865470852017938,0.5865470852017938,0.33944954128440363,K001+KI07+KA07
svm,marginal,0.9,0.8726457399103139,1.7264573991031391,0.431390134529148,0.08939708939708935,K001+KI07+KA07
svm,class_conditional,0.9,0.4044843049327354,0.6914798206278027,0.5874439461883408,0.4,K001+KI07+KA07
xgboost,marginal,0.9,0.7748878923766817,1.420627802690583,0.6905829596412556,0.2909090909090909,K001+KI07+KA07
xgboost,class_conditional,0.9,0.48878923766816146,0.7820627802690583,0.7820627802690583,0.375,K001+KI07+KA07
random_forest,marginal,0.9,0.7964125560538117,1.4412556053811658,0.6331838565022422,0.21671388101983002,K001+KI07+KA08
random_forest,class_conditional,0.9,0.34439461883408073,0.537219730941704,0.537219730941704,0.3589315525876461,K001+KI07+KA08
svm,marginal,0.9,0.8753363228699551,1.7345291479820628,0.4295964125560538,0.08977035490605423,K001+KI07+KA08
svm,class_conditional,0.9,0.40358744394618834,0.6887892376681615,0.5847533632286995,0.39877300613496935,K001+KI07+KA08
xgboost,marginal,0.9,0.7838565022421524,1.422421524663677,0.683408071748879,0.28083989501312334,K001+KI07+KA08
xgboost,class_conditional,0.9,0.46457399103139013,0.7497757847533633,0.7497757847533633,0.38038277511961727,K001+KI07+KA08
random_forest,marginal,0.9,0.8,1.4547085201793721,0.6269058295964126,0.2145922746781116,K001+KI07+KA09
random_forest,class_conditional,0.9,0.4663677130044843,0.6565022421524663,0.6565022421524663,0.2896174863387978,K001+KI07+KA09
svm,marginal,0.9,0.8914798206278027,1.7883408071748879,0.4053811659192825,0.08185840707964598,K001+KI07+KA09
svm,class_conditional,0.9,0.5130044843049327,0.8089686098654708,0.7085201793721974,0.3455696202531645,K001+KI07+KA09
xgboost,marginal,0.9,0.8017937219730942,1.462780269058296,0.6582959641255606,0.2615803814713896,K001+KI07+KA09
xgboost,class_conditional,0.9,0.4852017937219731,0.7704035874439462,0.7704035874439462,0.370197904540163,K001+KI07+KA09
random_forest,marginal,0.9,0.7865470852017937,1.388340807174888,0.6762331838565022,0.23076923076923073,K001+KI08+KA01
random_forest,class_conditional,0.9,0.6708520179372197,0.9219730941704036,0.8914798206278027,0.26358148893360156,K001+KI08+KA01
svm,marginal,0.9,0.9560538116591928,2.2358744394618832,0.11928251121076233,0.23308270676691734,K001+KI08+KA01
svm,class_conditional,0.9,0.7300448430493274,1.6026905829596412,0.45022421524663675,0.3944223107569721,K001+KI08+KA01
xgboost,marginal,0.9,0.7784753363228699,1.379372197309417,0.704932735426009,0.2888040712468194,K001+KI08+KA01
xgboost,class_conditional,0.9,0.5928251121076233,0.8825112107623319,0.8789237668161435,0.3275510204081633,K001+KI08+KA01
random_forest,marginal,0.9,0.8008968609865471,1.4295964125560539,0.6412556053811659,0.19300699300699298,K001+KI08+KA03
random_forest,class_conditional,0.9,0.6663677130044843,0.95695067264574,0.863677130044843,0.2824506749740394,K001+KI08+KA03
svm,marginal,0.9,0.905829596412556,1.9300448430493273,0.2878923766816143,0.05919003115264798,K001+KI08+KA03
svm,class_conditional,0.9,0.8035874439461883,1.4538116591928252,0.6179372197309417,0.2714078374455733,K001+KI08+KA03
xgboost,marginal,0.9,0.7704035874439462,1.3659192825112108,0.7201793721973094,0.298879202988792,K001+KI08+KA03
xgboost,class_conditional,0.9,0.610762331838565,1.074439461883408,0.7964125560538117,0.37612612612612617,K001+KI08+KA03
random_forest,marginal,0.9,0.7928251121076233,1.2385650224215246,0.7632286995515695,0.21621621621621623,K001+KI08+KA05
random_forest,class_conditional,0.9,0.6753363228699552,0.9417040358744395,0.9147982062780269,0.27647058823529413,K001+KI08+KA05
svm,marginal,0.9,0.9390134529147982,2.0708520179372196,0.2304932735426009,0.07392996108949412,K001+KI08+KA05
svm,class_conditional,0.9,0.6708520179372197,1.1390134529147982,0.7210762331838565,0.3519900497512438,K001+KI08+KA05
xgboost,marginal,0.9,0.7641255605381166,1.2,0.8089686098654708,0.27716186252771624,K001+KI08+KA05
xgboost,class_conditional,0.9,0.5973094170403588,0.895067264573991,0.895067264573991,0.33266533066132264,K001+KI08+KA05
random_forest,marginal,0.9,0.7955156950672646,1.4511210762331839,0.6278026905829597,0.21999999999999997,K001+KI08+KA06
random_forest,class_conditional,0.9,0.5533632286995516,0.7399103139013453,0.7183856502242153,0.24469413233458182,K001+KI08+KA06
svm,marginal,0.9,0.8896860986547085,1.9282511210762332,0.3381165919282511,0.16445623342175064,K001+KI08+KA06
svm,class_conditional,0.9,0.715695067264574,1.2286995515695067,0.6529147982062781,0.25,K001+KI08+KA06
xgboost,marginal,0.9,0.7730941704035874,1.4026905829596412,0.6896860986547085,0.3068920676202861,K001+KI08+KA06
xgboost,class_conditional,0.9,0.5192825112107623,0.8035874439461883,0.8035874439461883,0.3537946428571429,K001+KI08+KA06
random_forest,marginal,0.9,0.7721973094170403,1.4152466367713004,0.6430493273542601,0.23709902370990232,K001+KI08+KA07
random_forest,class_conditional,0.9,0.5121076233183857,0.7094170403587444,0.6753363228699552,0.2656042496679947,K001+KI08+KA07
svm,marginal,0.9,0.9022421524663677,1.9443946188340808,0.336322869955157,0.16000000000000003,K001+KI08+KA07
svm,class_conditional,0.9,0.5408071748878924,1.0089686098654709,0.44035874439461886,0.2790224032586558,K001+KI08+KA07
xgboost,marginal,0.9,0.7533632286995515,1.3829596412556053,0.7094170403587444,0.32996207332490524,K001+KI08+KA07
xgboost,class_conditional,0.9,0.5524663677130045,0.8439461883408071,0.8439461883408071,0.34537725823591925,K001+KI08+KA07
random_forest,marginal,0.9,0.7973094170403587,1.4995515695067265,0.5982062780269058,0.20839580209895048,K001+KI08+KA08
random_forest,class_conditional,0.9,0.45201793721973094,0.6502242152466368,0.6071748878923767,0.28951255539143284,K001+KI08+KA08
svm,marginal,0.9,0.9022421524663677,1.9443946188340808,0.3381165919282511,0.15915119363395225,K001+KI08+KA08
svm,class_conditional,0.9,0.5237668161434977,0.9928251121076234,0.4242152466367713,0.3002114164904862,K001+KI08+KA08
xgboost,marginal,0.9,0.7704035874439462,1.3856502242152466,0.6932735426008969,0.3027166882276844,K001+KI08+KA08
xgboost,class_conditional,0.9,0.5291479820627802,0.8134529147982063,0.8134529147982063,0.34950385887541346,K001+KI08+KA08
random_forest,marginal,0.9,0.8026905829596412,1.5228699551569507,0.5874439461883408,0.2076335877862595,K001+KI08+KA09
random_forest,class_conditional,0.9,0.6161434977578475,0.8322869955156951,0.7730941704035874,0.2389791183294664,K001+KI08+KA09
svm,marginal,0.9,0.9013452914798207,1.9417040358744395,0.34260089686098655,0.15968586387434558,K001+KI08+KA09
svm,class_conditional,0.9,0.7282511210762331,1.2843049327354261,0.6188340807174888,0.21304347826086956,K001+KI08+KA09
xgboost,marginal,0.9,0.7668161434977578,1.3766816143497758,0.7004484304932735,0.3072983354673495,K001+KI08+KA09
xgboost,class_conditional,0.9,0.5399103139013453,0.8233183856502242,0.8233183856502242,0.34422657952069713,K001+KI08+KA09
random_forest,marginal,0.9,0.8430493273542601,1.495067264573991,0.5533632286995516,0.12155591572123181,K002+KI01+KA01
random_forest,class_conditional,0.9,0.7695067264573991,1.400896860986547,0.5991031390134529,0.24850299401197606,K002+KI01+KA01
svm,marginal,0.9,0.9004484304932735,2.2887892376681616,0.17040358744394618,0.0368421052631579,K002+KI01+KA01
svm,class_conditional,0.9,0.7659192825112108,1.527354260089686,0.4896860986547085,0.3296703296703297,K002+KI01+KA01
xgboost,marginal,0.9,0.7677130044843049,1.1766816143497758,0.8286995515695067,0.2543290043290043,K002+KI01+KA01
xgboost,class_conditional,0.9,0.7443946188340808,1.2798206278026907,0.7147982062780269,0.3237139272271017,K002+KI01+KA01
random_forest,marginal,0.9,0.8340807174887892,1.4071748878923767,0.6295964125560538,0.11396011396011396,K002+KI01+KA03
random_forest,class_conditional,0.9,0.8062780269058296,1.3605381165919284,0.6466367713004484,0.13037447988904305,K002+KI01+KA03
svm,marginal,0.9,0.9345291479820628,2.2385650224215246,0.20089686098654708,0.017857142857142905,K002+KI01+KA03
svm,class_conditional,0.9,0.9192825112107623,1.9946188340807174,0.2852017937219731,0.1572327044025157,K002+KI01+KA03
xgboost,marginal,0.9,0.8251121076233184,1.22152466367713,0.8,0.18834080717488788,K002+KI01+KA03
xgboost,class_conditional,0.9,0.7937219730941704,1.2089686098654708,0.7919282511210762,0.21177802944507362,K002+KI01+KA03
random_forest,marginal,0.9,0.8197309417040358,1.325560538116592,0.6852017937219731,0.12827225130890052,K002+KI01+KA05
random_forest,class_conditional,0.9,0.8116591928251121,1.3847533632286995,0.6278026905829597,0.13,K002+KI01+KA05
svm,marginal,0.9,0.8816143497757848,2.1533632286995514,0.18565022421524663,0.019323671497584516,K002+KI01+KA05
svm,class_conditional,0.9,0.7103139013452915,1.5677130044843048,0.4179372197309417,0.3626609442060086,K002+KI01+KA05
xgboost,marginal,0.9,0.8089686098654708,1.2251121076233185,0.8017937219730942,0.20022371364653246,K002+KI01+KA05
xgboost,class_conditional,0.9,0.7937219730941704,1.2286995515695067,0.7802690582959642,0.21379310344827585,K002+KI01+KA05
random_forest,marginal,0.9,0.8385650224215246,1.4044843049327354,0.6394618834080718,0.12342215988779803,K002+KI01+KA06
random_forest,class_conditional,0.9,0.6484304932735426,1.1291479820627803,0.62152466367713,0.23665223665223667,K002+KI01+KA06
svm,marginal,0.9,0.8968609865470852,2.093273542600897,0.22152466367713006,0.036437246963562764,K002+KI01+KA06
svm,class_conditional,0.9,0.5865470852017938,1.2520179372197309,0.5847533632286995,0.4279141104294478,K002+KI01+KA06
xgboost,marginal,0.9,0.7695067264573991,1.08609865470852,0.9174887892376682,0.24144672531769307,K002+KI01+KA06
xgboost,class_conditional,0.9,0.6591928251121076,1.0116591928251122,0.7874439461883408,0.2870159453302962,K002+KI01+KA06
random_forest,marginal,0.9,0.831390134529148,1.3533632286995516,0.6789237668161435,0.1334214002642008,K002+KI01+KA07
random_forest,class_conditional,0.9,0.5856502242152466,1.062780269058296,0.5838565022421525,0.26881720430107525,K002+KI01+KA07
svm,marginal,0.9,0.9031390134529148,2.1210762331838566,0.20986547085201793,0.02991452991452992,K002+KI01+KA07
svm,class_conditional,0.9,0.5874439461883408,1.2699551569506726,0.5668161434977579,0.42721518987341767,K002+KI01+KA07
xgboost,marginal,0.9,0.7434977578475336,1.0565022421524664,0.9434977578475336,0.26425855513307983,K002+KI01+KA07
xgboost,class_conditional,0.9,0.6825112107623318,1.0573991031390135,0.8224215246636771,0.3031624863685932,K002+KI01+KA07
random_forest,marginal,0.9,0.8242152466367713,1.283408071748879,0.7327354260089686,0.13586291309669518,K002+KI01+KA08
random_forest,class_conditional,0.9,0.6,1.0869955156950672,0.5381165919282511,0.235,K002+KI01+KA08
svm,marginal,0.9,0.9013452914798207,2.105829596412556,0.21524663677130046,0.033333333333333326,K002+KI01+KA08
svm,class_conditional,0.9,0.5883408071748879,1.2663677130044844,0.5704035874439461,0.42610062893081757,K002+KI01+KA08
xgboost,marginal,0.9,0.7955156950672646,1.1623318385650223,0.852017937219731,0.21578947368421053,K002+KI01+KA08
xgboost,class_conditional,0.9,0.6573991031390135,1.0457399103139013,0.7336322869955157,0.2909535452322738,K002+KI01+KA08
random_forest,marginal,0.9,0.8286995515695067,1.3551569506726457,0.6708520179372197,0.1296791443850267,K002+KI01+KA09
random_forest,class_conditional,0.9,0.7013452914798206,1.1856502242152467,0.6439461883408072,0.1963788300835655,K002+KI01+KA09
svm,marginal,0.9,0.8986547085201794,2.082511210762332,0.23228699551569507,0.038610038610038644,K002+KI01+KA09
svm,class_conditional,0.9,0.5874439461883408,1.2547085201793722,0.5838565022421525,0.4270353302611367,K002+KI01+KA09
xgboost,marginal,0.9,0.8017937219730942,1.169506726457399,0.8457399103139014,0.21314952279957577,K002+KI01+KA09
xgboost,class_conditional,0.9,0.7201793721973094,1.0708520179372196,0.8071748878923767,0.24555555555555553,K002+KI01+KA09
random_forest,marginal,0.9,0.8699551569506726,1.7847533632286996,0.4412556053811659,0.19512195121951215,K002+KI03+KA01
random_forest,class_conditional,0.9,0.7937219730941704,1.695067264573991,0.4098654708520179,0.3544857768052516,K002+KI03+KA01
svm,marginal,0.9,0.9650224215246637,2.2762331838565024,0.17399103139013453,0.1701030927835051,K002+KI03+KA01
svm,class_conditional,0.9,0.7838565022421524,1.8914798206278027,0.41614349775784754,0.3448275862068966,K002+KI03+KA01
xgboost,marginal,0.9,0.7695067264573991,1.3677130044843049,0.7013452914798206,0.289002557544757,K002+KI03+KA01
xgboost,class_conditional,0.9,0.7730941704035874,1.3300448430493275,0.6762331838565022,0.29973474801061006,K002+KI03+KA01
random_forest,marginal,0.9,0.7901345291479821,1.473542600896861,0.5883408071748879,0.2530487804878049,K002+KI03+KA03
random_forest,class_conditional,0.9,0.7551569506726458,1.4089686098654708,0.6071748878923767,0.32939438700147705,K002+KI03+KA03
svm,marginal,0.9,0.9910313901345291,2.376681614349776,0.1452914798206278,0.05555555555555558,K002+KI03+KA03
svm,class_conditional,0.9,0.7399103139013453,1.7201793721973093,0.46457399103139013,0.3764478764478765,K002+KI03+KA03
xgboost,marginal,0.9,0.7390134529147983,1.3139013452914798,0.7282511210762331,0.3054187192118226,K002+KI03+KA03
xgboost,class_conditional,0.9,0.7677130044843049,1.3318385650224216,0.6663677130044843,0.3001345895020189,K002+KI03+KA03
random_forest,marginal,0.9,0.8161434977578476,1.611659192825112,0.5506726457399103,0.21661237785016285,K002+KI03+KA05
random_forest,class_conditional,0.9,0.7946188340807175,1.4923766816143498,0.547085201793722,0.23770491803278693,K002+KI03+KA05
svm,marginal,0.9,0.9533632286995516,2.1623318385650223,0.18385650224215247,0.15609756097560978,K002+KI03+KA05
svm,class_conditional,0.9,0.6816143497757847,1.6538116591928251,0.4430493273542601,0.3481781376518218,K002+KI03+KA05
xgboost,marginal,0.9,0.7488789237668162,1.285201793721973,0.768609865470852,0.30105017502917153,K002+KI03+KA05
xgboost,class_conditional,0.9,0.768609865470852,1.3139013452914798,0.6869955156950672,0.2898172323759791,K002+KI03+KA05
random_forest,marginal,0.9,0.8188340807174888,1.5847533632286996,0.5775784753363229,0.2220496894409938,K002+KI03+KA06
random_forest,class_conditional,0.9,0.579372197309417,1.1937219730941704,0.45829596412556056,0.45792563600782776,K002+KI03+KA06
svm,marginal,0.9,0.9318385650224216,2.008071748878924,0.24484304932735426,0.22344322344322343,K002+KI03+KA06
svm,class_conditional,0.9,0.5704035874439461,1.380269058295964,0.6161434977578475,0.4672489082969432,K002+KI03+KA06
xgboost,marginal,0.9,0.7542600896860987,1.336322869955157,0.7237668161434978,0.2961586121437423,K002+KI03+KA06
xgboost,class_conditional,0.9,0.6565022421524663,1.1560538116591927,0.6179372197309417,0.3294629898403484,K002+KI03+KA06
random_forest,marginal,0.9,0.8071748878923767,1.537219730941704,0.589237668161435,0.2222222222222222,K002+KI03+KA07
random_forest,class_conditional,0.9,0.579372197309417,1.1739910313901345,0.4618834080717489,0.4388349514563107,K002+KI03+KA07
svm,marginal,0.9,0.9381165919282511,2.054708520179372,0.22511210762331837,0.22310756972111556,K002+KI03+KA07
svm,class_conditional,0.9,0.568609865470852,1.3623318385650225,0.6089686098654709,0.4771723122238586,K002+KI03+KA07
xgboost,marginal,0.9,0.7336322869955157,1.2914798206278026,0.7551569506726458,0.31591448931116395,K002+KI03+KA07
xgboost,class_conditional,0.9,0.6591928251121076,1.137219730941704,0.6690582959641256,0.34048257372654156,K002+KI03+KA07
random_forest,marginal,0.9,0.8116591928251121,1.5811659192825112,0.5847533632286995,0.2331288343558282,K002+KI03+KA08
random_forest,class_conditional,0.9,0.5766816143497758,1.1793721973094171,0.4385650224215247,0.45398773006134974,K002+KI03+KA08
svm,marginal,0.9,0.9372197309417041,2.0448430493273544,0.22511210762331837,0.22310756972111556,K002+KI03+KA08
svm,class_conditional,0.9,0.5695067264573991,1.3605381165919284,0.610762331838565,0.4772393538913363,K002+KI03+KA08
xgboost,marginal,0.9,0.7704035874439462,1.3605381165919284,0.7031390134529149,0.28443877551020413,K002+KI03+KA08
xgboost,class_conditional,0.9,0.5856502242152466,1.0663677130044844,0.567713004484305,0.3696682464454977,K002+KI03+KA08
random_forest,marginal,0.9,0.8080717488789237,1.5856502242152466,0.5739910313901345,0.24375000000000002,K002+KI03+KA09
random_forest,class_conditional,0.9,0.6493273542600897,1.2556053811659194,0.5273542600896861,0.3945578231292517,K002+KI03+KA09
svm,marginal,0.9,0.9354260089686098,2.0565022421524666,0.21883408071748878,0.23770491803278693,K002+KI03+KA09
svm,class_conditional,0.9,0.5730941704035875,1.369506726457399,0.6089686098654709,0.4698085419734904,K002+KI03+KA09
xgboost,marginal,0.9,0.7336322869955157,1.252914798206278,0.7847533632286996,0.29600000000000004,K002+KI03+KA09
xgboost,class_conditional,0.9,0.7040358744394619,1.1668161434977578,0.7201793721973094,0.31008717310087175,K002+KI03+KA09
random_forest,marginal,0.9,0.7892376681614349,1.1470852017937219,0.852914798206278,0.17560462670872767,K002+KI05+KA01
random_forest,class_conditional,0.9,0.7551569506726458,1.0242152466367713,0.9399103139013453,0.22137404580152675,K002+KI05+KA01
svm,marginal,0.9,0.8349775784753363,1.4412556053811658,0.5721973094170404,0.07836990595611282,K002+KI05+KA01
svm,class_conditional,0.9,0.6529147982062781,1.031390134529148,0.8968609865470852,0.347,K002+KI05+KA01
xgboost,marginal,0.9,0.7022421524663677,0.9910313901345291,0.9838565022421525,0.28805834092980853,K002+KI05+KA01
xgboost,class_conditional,0.9,0.6672645739910313,0.9282511210762332,0.9282511210762332,0.2811594202898551,K002+KI05+KA01
random_forest,marginal,0.9,0.757847533632287,1.0008968609865472,0.9309417040358744,0.19942196531791911,K002+KI05+KA03
random_forest,class_conditional,0.9,0.7650224215246637,1.0233183856502241,0.9300448430493273,0.20443587270973962,K002+KI05+KA03
svm,marginal,0.9,0.9210762331838565,1.779372197309417,0.39820627802690584,0.011261261261261257,K002+KI05+KA03
svm,class_conditional,0.9,0.8807174887892377,1.3865470852017938,0.6269058295964126,0.15593705293276106,K002+KI05+KA03
xgboost,marginal,0.9,0.7381165919282511,1.0026905829596413,0.979372197309417,0.25457875457875456,K002+KI05+KA03
xgboost,class_conditional,0.9,0.7336322869955157,1.0035874439461883,0.9695067264573991,0.2562442183163737,K002+KI05+KA03
random_forest,marginal,0.9,0.7569506726457399,1.0143497757847533,0.9318385650224216,0.19826756496631381,K002+KI05+KA05
random_forest,class_conditional,0.9,0.7309417040358744,0.9300448430493273,0.9228699551569507,0.21185617103984455,K002+KI05+KA05
svm,marginal,0.9,0.8295964125560538,1.326457399103139,0.6780269058295965,0.0806878306878307,K002+KI05+KA05
svm,class_conditional,0.9,0.6376681614349776,0.8188340807174888,0.8170403587443946,0.2206366630076838,K002+KI05+KA05
xgboost,marginal,0.9,0.7139013452914799,0.9937219730941704,0.9865470852017937,0.28,K002+KI05+KA05
xgboost,class_conditional,0.9,0.6852017937219731,0.9542600896860987,0.9524663677130045,0.28060263653483997,K002+KI05+KA05
random_forest,marginal,0.9,0.7094170403587444,0.8726457399103139,0.8726457399103139,0.18705035971223016,K002+KI05+KA06
random_forest,class_conditional,0.9,0.5713004484304933,0.7533632286995515,0.7282511210762331,0.21921182266009853,K002+KI05+KA06
svm,marginal,0.9,0.8278026905829596,1.3237668161434977,0.6852017937219731,0.09293193717277481,K002+KI05+KA06
svm,class_conditional,0.9,0.5452914798206278,0.6995515695067265,0.6995515695067265,0.2205128205128205,K002+KI05+KA06
xgboost,marginal,0.9,0.6923766816143497,0.9479820627802691,0.9479820627802691,0.2696310312204352,K002+KI05+KA06
xgboost,class_conditional,0.9,0.5928251121076233,0.8143497757847533,0.8143497757847533,0.2720264317180616,K002+KI05+KA06
random_forest,marginal,0.9,0.7067264573991031,0.8663677130044843,0.8663677130044843,0.18426501035196685,K002+KI05+KA07
random_forest,class_conditional,0.9,0.5434977578475336,0.7408071748878924,0.6905829596412556,0.2220779220779221,K002+KI05+KA07
svm,marginal,0.9,0.8286995515695067,1.3345291479820627,0.6762331838565022,0.08753315649867377,K002+KI05+KA07
svm,class_conditional,0.9,0.4789237668161435,0.6340807174887892,0.6340807174887892,0.2446958981612447,K002+KI05+KA07
xgboost,marginal,0.9,0.6331838565022422,0.842152466367713,0.842152466367713,0.24813631522896695,K002+KI05+KA07
xgboost,class_conditional,0.9,0.5928251121076233,0.7946188340807175,0.7946188340807175,0.25395033860045146,K002+KI05+KA07
random_forest,marginal,0.9,0.7040358744394619,0.8591928251121076,0.8591928251121076,0.18058455114822547,K002+KI05+KA08
random_forest,class_conditional,0.9,0.5426008968609866,0.7336322869955157,0.6995515695067265,0.23333333333333328,K002+KI05+KA08
svm,marginal,0.9,0.8242152466367713,1.3219730941704035,0.6887892376681615,0.09895833333333337,K002+KI05+KA08
svm,class_conditional,0.9,0.4744394618834081,0.6286995515695067,0.6286995515695067,0.24536376604850219,K002+KI05+KA08
xgboost,marginal,0.9,0.7022421524663677,0.9695067264573991,0.9695067264573991,0.2756706753006476,K002+KI05+KA08
xgboost,class_conditional,0.9,0.5067264573991032,0.726457399103139,0.726457399103139,0.30246913580246915,K002+KI05+KA08
random_forest,marginal,0.9,0.695067264573991,0.8430493273542601,0.8430493273542601,0.17553191489361697,K002+KI05+KA09
random_forest,class_conditional,0.9,0.62152466367713,0.8062780269058296,0.7865470852017937,0.21322690992018245,K002+KI05+KA09
svm,marginal,0.9,0.8233183856502242,1.3192825112107622,0.6905829596412556,0.10129870129870133,K002+KI05+KA09
svm,class_conditional,0.9,0.5461883408071749,0.704932735426009,0.704932735426009,0.22519083969465647,K002+KI05+KA09
xgboost,marginal,0.9,0.705829596412556,0.9713004484304932,0.9713004484304932,0.2733148661126501,K002+KI05+KA09
xgboost,class_conditional,0.9,0.6080717488789238,0.8322869955156951,0.8322869955156951,0.2693965517241379,K002+KI05+KA09
random_forest,marginal,0.9,0.8322869955156951,1.3210762331838566,0.704932735426009,0.11577608142493634,K002+KI07+KA01
random_forest,class_conditional,0.9,0.6,1.051121076233184,0.7713004484304933,0.3511627906976744,K002+KI07+KA01
svm,marginal,0.9,0.9139013452914798,1.862780269058296,0.336322869955157,0.029333333333333322,K002+KI07+KA01
svm,class_conditional,0.9,0.5695067264573991,1.1766816143497758,0.7300448430493274,0.49508599508599505,K002+KI07+KA01
xgboost,marginal,0.9,0.684304932735426,0.9811659192825112,0.9811659192825112,0.30255941499085925,K002+KI07+KA01
xgboost,class_conditional,0.9,0.5632286995515695,0.8609865470852018,0.8376681614349776,0.3372591006423983,K002+KI07+KA01
random_forest,marginal,0.9,0.831390134529148,1.2816143497757848,0.7417040358744394,0.1136638452237001,K002+KI07+KA03
random_forest,class_conditional,0.9,0.5596412556053811,0.8726457399103139,0.7847533632286996,0.31885714285714284,K002+KI07+KA03
svm,marginal,0.9,0.9713004484304932,2.0896860986547083,0.24125560538116592,0.01115241635687736,K002+KI07+KA03
svm,class_conditional,0.9,0.895067264573991,1.7067264573991032,0.3524663677130045,0.2137404580152672,K002+KI07+KA03
xgboost,marginal,0.9,0.736322869955157,1.0331838565022422,0.9668161434977578,0.2699443413729128,K002+KI07+KA03
xgboost,class_conditional,0.9,0.5766816143497758,0.884304932735426,0.8035874439461883,0.3169642857142857,K002+KI07+KA03
random_forest,marginal,0.9,0.8062780269058296,1.2520179372197309,0.7515695067264574,0.13007159904534604,K002+KI07+KA05
random_forest,class_conditional,0.9,0.45022421524663675,0.7112107623318386,0.6789237668161435,0.3540290620871862,K002+KI07+KA05
svm,marginal,0.9,0.8923766816143498,1.6502242152466369,0.431390134529148,0.008316008316008316,K002+KI07+KA05
svm,class_conditional,0.9,0.5031390134529148,0.842152466367713,0.7883408071748879,0.38566552901023887,K002+KI07+KA05
xgboost,marginal,0.9,0.7560538116591928,1.0771300448430494,0.9228699551569507,0.25558794946550045,K002+KI07+KA05
xgboost,class_conditional,0.9,0.49955156950672647,0.7910313901345292,0.7677130044843049,0.360981308411215,K002+KI07+KA05
random_forest,marginal,0.9,0.8251121076233184,1.306726457399103,0.7147982062780269,0.12672521957340022,K002+KI07+KA06
random_forest,class_conditional,0.9,0.31928251121076234,0.6242152466367713,0.6242152466367713,0.4885057471264368,K002+KI07+KA06
svm,marginal,0.9,0.9049327354260089,1.589237668161435,0.5094170403587444,0.029929577464788748,K002+KI07+KA06
svm,class_conditional,0.9,0.46457399103139013,0.7784753363228699,0.6744394618834081,0.38829787234042556,K002+KI07+KA06
xgboost,marginal,0.9,0.7147982062780269,1.0385650224215246,0.9560538116591928,0.2879924953095685,K002+KI07+KA06
xgboost,class_conditional,0.9,0.3721973094170404,0.6278026905829597,0.6278026905829597,0.40714285714285714,K002+KI07+KA06
random_forest,marginal,0.9,0.8071748878923767,1.2439461883408072,0.768609865470852,0.14585764294049008,K002+KI07+KA07
random_forest,class_conditional,0.9,0.3345291479820628,0.6188340807174888,0.6188340807174888,0.45942028985507244,K002+KI07+KA07
svm,marginal,0.9,0.8995515695067264,1.5847533632286996,0.5112107623318386,0.03157894736842104,K002+KI07+KA07
svm,class_conditional,0.9,0.3865470852017937,0.705829596412556,0.6251121076233184,0.4461979913916786,K002+KI07+KA07
xgboost,marginal,0.9,0.6618834080717488,0.9856502242152466,0.9748878923766816,0.32474701011959517,K002+KI07+KA07
xgboost,class_conditional,0.9,0.4834080717488789,0.7677130044843049,0.7677130044843049,0.3703271028037384,K002+KI07+KA07
random_forest,marginal,0.9,0.820627802690583,1.2771300448430494,0.737219730941704,0.12773722627737227,K002+KI07+KA08
random_forest,class_conditional,0.9,0.35336322869955156,0.6529147982062781,0.6529147982062781,0.4587912087912088,K002+KI07+KA08
svm,marginal,0.9,0.9112107623318386,1.6179372197309416,0.4914798206278027,0.029197080291970767,K002+KI07+KA08
svm,class_conditional,0.9,0.38923766816143496,0.7112107623318386,0.6197309417040359,0.44573082489146165,K002+KI07+KA08
xgboost,marginal,0.9,0.715695067264574,1.0466367713004485,0.9515695067264573,0.2893496701225259,K002+KI07+KA08
xgboost,class_conditional,0.9,0.4125560538116592,0.6654708520179372,0.6654708520179372,0.3800539083557951,K002+KI07+KA08
random_forest,marginal,0.9,0.820627802690583,1.2860986547085203,0.7273542600896861,0.12946979038224415,K002+KI07+KA09
random_forest,class_conditional,0.9,0.39730941704035877,0.7031390134529149,0.7031390134529149,0.43494897959183676,K002+KI07+KA09
svm,marginal,0.9,0.9147982062780269,1.630493273542601,0.48071748878923765,0.026119402985074647,K002+KI07+KA09
svm,class_conditional,0.9,0.44663677130044843,0.8080717488789237,0.7237668161434978,0.4386617100371747,K002+KI07+KA09
xgboost,marginal,0.9,0.7345291479820628,1.0573991031390135,0.9426008968609866,0.2730732635585157,K002+KI07+KA09
xgboost,class_conditional,0.9,0.49506726457399103,0.7390134529147983,0.7390134529147983,0.33009708737864074,K002+KI07+KA09
random_forest,marginal,0.9,0.8188340807174888,1.2869955156950672,0.7399103139013453,0.12848484848484854,K002+KI08+KA01
random_forest,class_conditional,0.9,0.747982062780269,1.240358744394619,0.757847533632287,0.2532544378698225,K002+KI08+KA01
svm,marginal,0.9,0.9246636771300448,2.1533632286995514,0.21345291479820627,0.11764705882352944,K002+KI08+KA01
svm,class_conditional,0.9,0.7390134529147983,1.526457399103139,0.5004484304932736,0.29569892473118276,K002+KI08+KA01
xgboost,marginal,0.9,0.737219730941704,1.072645739910314,0.9273542600896861,0.26305609284332687,K002+KI08+KA01
xgboost,class_conditional,0.9,0.6852017937219731,1.0340807174887892,0.9354260089686098,0.31160115052732507,K002+KI08+KA01
random_forest,marginal,0.9,0.810762331838565,1.2251121076233185,0.7811659192825112,0.13318025258323762,K002+KI08+KA03
random_forest,class_conditional,0.9,0.7542600896860987,1.2286995515695067,0.7533632286995515,0.24404761904761907,K002+KI08+KA03
svm,marginal,0.9,0.9327354260089686,2.0475336322869957,0.2179372197309417,0.012345679012345734,K002+KI08+KA03
svm,class_conditional,0.9,0.8080717488789237,1.5300448430493274,0.5085201793721973,0.28747795414462085,K002+KI08+KA03
xgboost,marginal,0.9,0.7605381165919283,1.1291479820627803,0.8753363228699551,0.24692622950819676,K002+KI08+KA03
xgboost,class_conditional,0.9,0.6690582959641256,1.0197309417040359,0.9139013452914798,0.30912659470068693,K002+KI08+KA03
random_forest,marginal,0.9,0.8053811659192825,1.2286995515695067,0.7748878923766817,0.1284722222222222,K002+KI08+KA05
random_forest,class_conditional,0.9,0.7327354260089686,1.0556053811659192,0.9390134529147982,0.25596943648519577,K002+KI08+KA05
svm,marginal,0.9,0.8869955156950673,1.883408071748879,0.34080717488789236,0.03421052631578947,K002+KI08+KA05
svm,class_conditional,0.9,0.6816143497757847,1.2762331838565022,0.6914798206278027,0.38132295719844356,K002+KI08+KA05
xgboost,marginal,0.9,0.7300448430493274,1.0663677130044844,0.9354260089686098,0.27325023969319273,K002+KI08+KA05
xgboost,class_conditional,0.9,0.6708520179372197,1.0125560538116591,0.9461883408071748,0.3156398104265403,K002+KI08+KA05
random_forest,marginal,0.9,0.8026905829596412,1.2349775784753363,0.7802690582959642,0.1459770114942529,K002+KI08+KA06
random_forest,class_conditional,0.9,0.6278026905829597,0.9757847533632287,0.758744394618834,0.28959810874704495,K002+KI08+KA06
svm,marginal,0.9,0.8834080717488789,1.7139013452914797,0.4412556053811659,0.1077235772357723,K002+KI08+KA06
svm,class_conditional,0.9,0.6600896860986547,1.13542600896861,0.6852017937219731,0.28403141361256545,K002+KI08+KA06
xgboost,marginal,0.9,0.7076233183856502,1.0448430493273542,0.9533632286995516,0.29162746942615236,K002+KI08+KA06
xgboost,class_conditional,0.9,0.6197309417040359,0.9004484304932735,0.8753363228699551,0.3063524590163934,K002+KI08+KA06
random_forest,marginal,0.9,0.8026905829596412,1.2340807174887893,0.7820627802690583,0.15022935779816515,K002+KI08+KA07
random_forest,class_conditional,0.9,0.5991031390134529,0.9524663677130045,0.7318385650224215,0.3075980392156863,K002+KI08+KA07
svm,marginal,0.9,0.8887892376681614,1.7434977578475337,0.42780269058295967,0.11111111111111116,K002+KI08+KA07
svm,class_conditional,0.9,0.5390134529147982,0.9955156950672646,0.5560538116591929,0.3306451612903226,K002+KI08+KA07
xgboost,marginal,0.9,0.6878923766816144,1.06457399103139,0.9354260089686098,0.31639501438159157,K002+KI08+KA07
xgboost,class_conditional,0.9,0.6071748878923767,0.9183856502242153,0.8878923766816144,0.33333333333333337,K002+KI08+KA07
random_forest,marginal,0.9,0.7946188340807175,1.220627802690583,0.7874439461883408,0.15261958997722092,K002+KI08+KA08
random_forest,class_conditional,0.9,0.5345291479820627,0.9013452914798207,0.6645739910313901,0.3441295546558705,K002+KI08+KA08
svm,marginal,0.9,0.8869955156950673,1.7300448430493274,0.43408071748878924,0.10950413223140498,K002+KI08+KA08
svm,class_conditional,0.9,0.5336322869955157,0.9910313901345291,0.5533632286995516,0.3371150729335495,K002+KI08+KA08
xgboost,marginal,0.9,0.7219730941704036,1.1363228699551569,0.8753363228699551,0.27561475409836067,K002+KI08+KA08
xgboost,class_conditional,0.9,0.6098654708520179,0.8941704035874439,0.863677130044843,0.31152647975077885,K002+KI08+KA08
random_forest,marginal,0.9,0.7982062780269058,1.2340807174887893,0.7721973094170403,0.14750290360046459,K002+KI08+KA09
random_forest,class_conditional,0.9,0.6421524663677131,1.0125560538116591,0.7721973094170403,0.29849012775842043,K002+KI08+KA09
svm,marginal,0.9,0.8825112107623319,1.7300448430493274,0.43228699551569505,0.11618257261410792,K002+KI08+KA09
svm,class_conditional,0.9,0.7139013452914799,1.3865470852017938,0.5739910313901345,0.3140625,K002+KI08+KA09
xgboost,marginal,0.9,0.7246636771300449,1.1147982062780268,0.8887892376681614,0.27648839556004035,K002+KI08+KA09
xgboost,class_conditional,0.9,0.6511210762331838,0.9390134529147982,0.9049327354260089,0.2993062438057482,K002+KI08+KA09
random_forest,marginal,0.9,0.9614349775784753,2.356053811659193,0.09058295964125561,0.07920792079207917,K004+KI01+KA01
random_forest,class_conditional,0.9,0.7820627802690583,1.6260089686098655,0.39461883408071746,0.17272727272727273,K004+KI01+KA01
svm,marginal,0.9,0.7524663677130045,1.6457399103139014,0.5919282511210763,0.4121212121212121,K004+KI01+KA01
svm,class_conditional,0.9,0.6959641255605381,1.3524663677130044,0.6591928251121076,0.45442176870748296,K004+KI01+KA01
xgboost,marginal,0.9,0.9264573991031391,1.682511210762332,0.5659192825112107,0.09825673534072898,K004+KI01+KA01
xgboost,class_conditional,0.9,0.8286995515695067,1.4448430493273543,0.6260089686098654,0.07449856733524352,K004+KI01+KA01
random_forest,marginal,0.9,0.9381165919282511,2.098654708520179,0.14260089686098654,0.12578616352201255,K004+KI01+KA03
random_forest,class_conditional,0.9,0.7937219730941704,1.462780269058296,0.5426008968609866,0.12727272727272732,K004+KI01+KA03
svm,marginal,0.9,0.8905829596412556,1.9605381165919282,0.3381165919282511,0.1962864721485411,K004+KI01+KA03
svm,class_conditional,0.9,0.885201793721973,1.8278026905829596,0.39103139013452914,0.19266055045871555,K004+KI01+KA03
xgboost,marginal,0.9,0.885201793721973,1.3551569506726457,0.7246636771300449,0.1089108910891089,K004+KI01+KA03
xgboost,class_conditional,0.9,0.8224215246636771,1.2466367713004485,0.7632286995515695,0.07873090481786138,K004+KI01+KA03
random_forest,marginal,0.9,0.9228699551569507,2.0152466367713004,0.262780269058296,0.16040955631399323,K004+KI01+KA05
random_forest,class_conditional,0.9,0.8071748878923767,1.5551569506726457,0.47085201793721976,0.11238095238095236,K004+KI01+KA05
svm,marginal,0.9,0.7856502242152467,1.6044843049327355,0.49955156950672647,0.41472172351885095,K004+KI01+KA05
svm,class_conditional,0.9,0.6430493273542601,1.1730941704035875,0.7641255605381166,0.3204225352112676,K004+KI01+KA05
xgboost,marginal,0.9,0.8708520179372198,1.5094170403587444,0.6609865470852018,0.11940298507462688,K004+KI01+KA05
xgboost,class_conditional,0.9,0.8170403587443946,1.3614349775784753,0.6556053811659193,0.05471956224350205,K004+KI01+KA05
random_forest,marginal,0.9,0.9704035874439462,2.2484304932735424,0.11300448430493273,0.08730158730158732,K004+KI01+KA06
random_forest,class_conditional,0.9,0.6349775784753363,1.3910313901345293,0.5067264573991032,0.3292035398230089,K004+KI01+KA06
svm,marginal,0.9,0.7874439461883408,1.599103139013453,0.5121076233183857,0.39579684763572676,K004+KI01+KA06
svm,class_conditional,0.9,0.5569506726457399,1.0439461883408072,0.6852017937219731,0.356020942408377,K004+KI01+KA06
xgboost,marginal,0.9,0.8914798206278027,1.5587443946188342,0.6053811659192825,0.10666666666666669,K004+KI01+KA06
xgboost,class_conditional,0.9,0.7219730941704036,1.2,0.6421524663677131,0.1005586592178771,K004+KI01+KA06
random_forest,marginal,0.9,0.957847533632287,2.095964125560538,0.22062780269058296,0.07723577235772361,K004+KI01+KA07
random_forest,class_conditional,0.9,0.5928251121076233,1.295964125560538,0.420627802690583,0.2814498933901919,K004+KI01+KA07
svm,marginal,0.9,0.7847533632286996,1.5748878923766816,0.5291479820627802,0.39322033898305087,K004+KI01+KA07
svm,class_conditional,0.9,0.5327354260089686,1.0035874439461883,0.6556053811659193,0.3556771545827634,K004+KI01+KA07
xgboost,marginal,0.9,0.874439461883408,1.504932735426009,0.6376681614349776,0.11814345991561181,K004+KI01+KA07
xgboost,class_conditional,0.9,0.7165919282511211,1.1874439461883408,0.6385650224215247,0.0941011235955056,K004+KI01+KA07
random_forest,marginal,0.9,0.9695067264573991,2.202690582959641,0.14618834080717488,0.030674846625766916,K004+KI01+KA08
random_forest,class_conditional,0.9,0.5766816143497758,1.3004484304932735,0.49506726457399103,0.39492753623188404,K004+KI01+KA08
svm,marginal,0.9,0.7847533632286996,1.5713004484304933,0.5291479820627802,0.39322033898305087,K004+KI01+KA08
svm,class_conditional,0.9,0.5327354260089686,0.9991031390134529,0.6565022421524663,0.35655737704918034,K004+KI01+KA08
xgboost,marginal,0.9,0.8869955156950673,1.5291479820627802,0.6260089686098654,0.11174785100286533,K004+KI01+KA08
xgboost,class_conditional,0.9,0.7103139013452915,1.1730941704035875,0.6313901345291479,0.09375,K004+KI01+KA08
random_forest,marginal,0.9,0.967713004484305,2.1955156950672645,0.14439461883408072,0.0496894409937888,K004+KI01+KA09
random_forest,class_conditional,0.9,0.6367713004484304,1.3103139013452916,0.49417040358744396,0.2813067150635209,K004+KI01+KA09
svm,marginal,0.9,0.7829596412556054,1.5587443946188342,0.5479820627802691,0.38625204582651396,K004+KI01+KA09
svm,class_conditional,0.9,0.5345291479820627,1.0026905829596413,0.6582959641255606,0.3610354223433242,K004+KI01+KA09
xgboost,marginal,0.9,0.8807174887892377,1.5210762331838565,0.6322869955156951,0.1333333333333333,K004+KI01+KA09
xgboost,class_conditional,0.9,0.7533632286995515,1.223318385650224,0.6672645739910313,0.09408602150537637,K004+KI01+KA09
random_forest,marginal,0.9,0.9479820627802691,1.8771300448430492,0.3399103139013453,0.0633245382585752,K004+KI03+KA01
random_forest,class_conditional,0.9,0.9022421524663677,1.5757847533632288,0.5650224215246636,0.15396825396825398,K004+KI03+KA01
svm,marginal,0.9,0.8941704035874439,1.91390134529148,0.30134529147982064,0.21726190476190477,K004+KI03+KA01
svm,class_conditional,0.9,0.874439461883408,1.8233183856502242,0.37847533632286995,0.1800947867298578,K004+KI03+KA01
xgboost,marginal,0.9,0.8905829596412556,1.3874439461883408,0.6762331838565022,0.14456233421750664,K004+KI03+KA01
xgboost,class_conditional,0.9,0.9282511210762332,1.4457399103139013,0.6304932735426009,0.10810810810810811,K004+KI03+KA01
random_forest,marginal,0.9,0.9713004484304932,1.819730941704036,0.3955156950672646,0.01814058956916098,K004+KI03+KA03
random_forest,class_conditional,0.9,0.6995515695067265,1.0008968609865472,0.747982062780269,0.2002398081534772,K004+KI03+KA03
svm,marginal,0.9,0.9587443946188341,2.2807174887892376,0.18295964125560538,0.07352941176470584,K004+KI03+KA03
svm,class_conditional,0.9,0.8179372197309417,1.8224215246636772,0.4116591928251121,0.14814814814814814,K004+KI03+KA03
xgboost,marginal,0.9,0.873542600896861,1.315695067264574,0.7067264573991031,0.15609137055837563,K004+KI03+KA03
xgboost,class_conditional,0.9,0.7533632286995515,0.97847533632287,0.8511210762331839,0.17281348788198103,K004+KI03+KA03
random_forest,marginal,0.9,0.9399103139013453,1.6367713004484306,0.49506726457399103,0.08152173913043481,K004+KI03+KA05
random_forest,class_conditional,0.9,0.8125560538116592,1.2457399103139013,0.7542600896860987,0.15457788347205703,K004+KI03+KA05
svm,marginal,0.9,0.9147982062780269,1.9811659192825113,0.20986547085201793,0.18803418803418803,K004+KI03+KA05
svm,class_conditional,0.9,0.7596412556053812,1.589237668161435,0.44663677130044843,0.1807228915662651,K004+KI03+KA05
xgboost,marginal,0.9,0.6807174887892377,0.8762331838565023,0.8762331838565023,0.22313203684749228,K004+KI03+KA05
xgboost,class_conditional,0.9,0.7820627802690583,1.0224215246636772,0.9506726457399103,0.2028301886792453,K004+KI03+KA05
random_forest,marginal,0.9,0.9426008968609866,1.830493273542601,0.39641255605381165,0.07013574660633481,K004+KI03+KA06
random_forest,class_conditional,0.9,0.6349775784753363,0.9488789237668162,0.6457399103139013,0.20277777777777772,K004+KI03+KA06
svm,marginal,0.9,0.9085201793721973,2.0538116591928253,0.2430493273542601,0.2693726937269373,K004+KI03+KA06
svm,class_conditional,0.9,0.7228699551569506,1.6887892376681615,0.3937219730941704,0.19817767653758545,K004+KI03+KA06
xgboost,marginal,0.9,0.8771300448430494,1.410762331838565,0.6412556053811659,0.16643356643356644,K004+KI03+KA06
xgboost,class_conditional,0.9,0.7040358744394619,0.9479820627802691,0.7883408071748879,0.17974971558589303,K004+KI03+KA06
random_forest,marginal,0.9,0.9300448430493273,1.6807174887892378,0.4923766816143498,0.07832422586520948,K004+KI03+KA07
random_forest,class_conditional,0.9,0.5551569506726457,0.8295964125560538,0.5713004484304933,0.20251177394034536,K004+KI03+KA07
svm,marginal,0.9,0.9013452914798207,2.000896860986547,0.2645739910313901,0.28135593220338984,K004+KI03+KA07
svm,class_conditional,0.9,0.5587443946188341,1.2035874439461884,0.5273542600896861,0.20408163265306123,K004+KI03+KA07
xgboost,marginal,0.9,0.873542600896861,1.4304932735426008,0.6313901345291479,0.17471590909090906,K004+KI03+KA07
xgboost,class_conditional,0.9,0.7237668161434978,0.9426008968609866,0.8080717488789237,0.17203107658157601,K004+KI03+KA07
random_forest,marginal,0.9,0.9443946188340807,1.7497757847533633,0.4618834080717489,0.07184466019417479,K004+KI03+KA08
random_forest,class_conditional,0.9,0.5452914798206278,0.8242152466367713,0.5695067264573991,0.22047244094488194,K004+KI03+KA08
svm,marginal,0.9,0.9013452914798207,2.008071748878924,0.2609865470852018,0.28865979381443296,K004+KI03+KA08
svm,class_conditional,0.9,0.5596412556053811,1.2035874439461884,0.5183856502242152,0.19377162629757783,K004+KI03+KA08
xgboost,marginal,0.9,0.8645739910313901,1.3434977578475336,0.6744394618834081,0.17686170212765961,K004+KI03+KA08
xgboost,class_conditional,0.9,0.6511210762331838,0.8538116591928251,0.7533632286995515,0.1880952380952381,K004+KI03+KA08
random_forest,marginal,0.9,0.9345291479820628,1.7264573991031391,0.45739910313901344,0.08039215686274515,K004+KI03+KA09
random_forest,class_conditional,0.9,0.5488789237668161,0.8304932735426009,0.5721973094170404,0.21943573667711602,K004+KI03+KA09
svm,marginal,0.9,0.9013452914798207,1.9937219730941704,0.27085201793721975,0.29470198675496684,K004+KI03+KA09
svm,class_conditional,0.9,0.6295964125560538,1.3210762331838566,0.6520179372197309,0.25034387895460797,K004+KI03+KA09
xgboost,marginal,0.9,0.8780269058295964,1.389237668161435,0.6511210762331838,0.1652892561983471,K004+KI03+KA09
xgboost,class_conditional,0.9,0.7139013452914799,0.9408071748878923,0.7991031390134529,0.17508417508417506,K004+KI03+KA09
random_forest,marginal,0.9,0.9659192825112107,2.4529147982062782,0.07623318385650224,0.04705882352941182,K004+KI05+KA01
random_forest,class_conditional,0.9,0.884304932735426,2.071748878923767,0.25739910313901343,0.1533101045296167,K004+KI05+KA01
svm,marginal,0.9,0.8771300448430494,2.0322869955156952,0.2771300448430493,0.2944983818770227,K004+KI05+KA01
svm,class_conditional,0.9,0.8080717488789237,1.7192825112107624,0.5031390134529148,0.25668449197860965,K004+KI05+KA01
xgboost,marginal,0.9,0.9605381165919282,1.904932735426009,0.4484304932735426,0.07599999999999996,K004+KI05+KA01
xgboost,class_conditional,0.9,0.8260089686098655,1.7004484304932734,0.4538116591928251,0.05731225296442688,K004+KI05+KA01
random_forest,marginal,0.9,0.9605381165919282,2.1946188340807176,0.14260089686098654,0.05031446540880502,K004+KI05+KA03
random_forest,class_conditional,0.9,0.8286995515695067,1.7210762331838565,0.37488789237668163,0.1435406698564593,K004+KI05+KA03
svm,marginal,0.9,0.9291479820627803,2.1336322869955158,0.17309417040358743,0.020725388601036232,K004+KI05+KA03
svm,class_conditional,0.9,0.9363228699551569,2.0017937219730944,0.35336322869955156,0.09137055837563457,K004+KI05+KA03
xgboost,marginal,0.9,0.9542600896860987,1.7210762331838565,0.5623318385650224,0.07336523125996808,K004+KI05+KA03
xgboost,class_conditional,0.9,0.8582959641255605,1.5659192825112107,0.5282511210762332,0.04414261460101865,K004+KI05+KA03
random_forest,marginal,0.9,0.9497757847533632,2.17847533632287,0.18744394618834082,0.215311004784689,K004+KI05+KA05
random_forest,class_conditional,0.9,0.8233183856502242,1.716591928251121,0.36233183856502243,0.06683168316831678,K004+KI05+KA05
svm,marginal,0.9,0.8762331838565023,2.125560538116592,0.22511210762331837,0.3944223107569721,K004+KI05+KA05
svm,class_conditional,0.9,0.7596412556053812,1.5605381165919283,0.5040358744394619,0.20640569395017794,K004+KI05+KA05
xgboost,marginal,0.9,0.9174887892376682,1.736322869955157,0.537219730941704,0.06677796327212016,K004+KI05+KA05
xgboost,class_conditional,0.9,0.810762331838565,1.4977578475336324,0.5246636771300448,0.06153846153846154,K004+KI05+KA05
random_forest,marginal,0.9,0.9757847533632287,2.522869955156951,0.08071748878923767,0.022222222222222254,K004+KI05+KA06
random_forest,class_conditional,0.9,0.6744394618834081,1.7560538116591928,0.25739910313901343,0.0766550522648084,K004+KI05+KA06
svm,marginal,0.9,0.8959641255605382,2.072645739910314,0.24125560538116592,0.2602230483271375,K004+KI05+KA06
svm,class_conditional,0.9,0.715695067264574,1.420627802690583,0.5919282511210763,0.21212121212121215,K004+KI05+KA06
xgboost,marginal,0.9,0.9408071748878923,1.789237668161435,0.515695067264574,0.07652173913043481,K004+KI05+KA06
xgboost,class_conditional,0.9,0.6591928251121076,1.283408071748879,0.4798206278026906,0.11588785046728967,K004+KI05+KA06
random_forest,marginal,0.9,0.967713004484305,2.3542600896860986,0.12376681614349776,0.050724637681159424,K004+KI05+KA07
random_forest,class_conditional,0.9,0.6394618834080718,1.5748878923766816,0.4125560538116592,0.29130434782608694,K004+KI05+KA07
svm,marginal,0.9,0.8905829596412556,2.011659192825112,0.2502242152466368,0.26881720430107525,K004+KI05+KA07
svm,class_conditional,0.9,0.600896860986547,1.2968609865470853,0.6672645739910313,0.32392473118279574,K004+KI05+KA07
xgboost,marginal,0.9,0.95695067264574,1.8286995515695068,0.5076233183856502,0.07067137809187274,K004+KI05+KA07
xgboost,class_conditional,0.9,0.6798206278026906,1.336322869955157,0.4789237668161435,0.101123595505618,K004+KI05+KA07
random_forest,marginal,0.9,0.9838565022421525,2.524663677130045,0.07892376681614349,0.0,K004+KI05+KA08
random_forest,class_conditional,0.9,0.6394618834080718,1.609865470852018,0.3775784753363229,0.27315914489311166,K004+KI05+KA08
svm,marginal,0.9,0.8932735426008969,2.0403587443946187,0.2367713004484305,0.2689393939393939,K004+KI05+KA08
svm,class_conditional,0.9,0.5982062780269058,1.3013452914798207,0.6591928251121076,0.3292517006802721,K004+KI05+KA08
xgboost,marginal,0.9,0.9587443946188341,1.8493273542600897,0.4977578475336323,0.06486486486486487,K004+KI05+KA08
xgboost,class_conditional,0.9,0.6403587443946188,1.2932735426008968,0.4609865470852018,0.14591439688715957,K004+KI05+KA08
random_forest,marginal,0.9,0.9659192825112107,2.201793721973094,0.16053811659192826,0.03351955307262566,K004+KI05+KA09
random_forest,class_conditional,0.9,0.7237668161434978,1.5919282511210762,0.41076233183856503,0.1353711790393013,K004+KI05+KA09
svm,marginal,0.9,0.8941704035874439,2.095067264573991,0.2295964125560538,0.2890625,K004+KI05+KA09
svm,class_conditional,0.9,0.6295964125560538,1.3542600896860986,0.6295964125560538,0.30056980056980054,K004+KI05+KA09
xgboost,marginal,0.9,0.95695067264574,1.8475336322869955,0.5022421524663677,0.06785714285714284,K004+KI05+KA09
xgboost,class_conditional,0.9,0.7345291479820628,1.3829596412556053,0.5560538116591929,0.1112903225806452,K004+KI05+KA09
random_forest,marginal,0.9,0.9632286995515695,2.4475336322869956,0.06457399103139014,0.08333333333333337,K004+KI07+KA01
random_forest,class_conditional,0.9,0.7013452914798206,1.5488789237668161,0.41524663677130047,0.33261339092872566,K004+KI07+KA01
svm,marginal,0.9,0.8170403587443946,1.4430493273542602,0.5730941704035875,0.3020344287949922,K004+KI07+KA01
svm,class_conditional,0.9,0.62152466367713,1.0439461883408072,0.8233183856502242,0.369281045751634,K004+KI07+KA01
xgboost,marginal,0.9,0.8896860986547085,1.5318385650224215,0.6367713004484304,0.10985915492957743,K004+KI07+KA01
xgboost,class_conditional,0.9,0.6,0.9829596412556054,0.683408071748879,0.22440944881889768,K004+KI07+KA01
random_forest,marginal,0.9,0.9452914798206278,2.1623318385650223,0.11390134529147983,0.07874015748031493,K004+KI07+KA03
random_forest,class_conditional,0.9,0.6762331838565022,1.2251121076233185,0.6798206278026906,0.32189973614775724,K004+KI07+KA03
svm,marginal,0.9,0.9372197309417041,1.8690582959641255,0.3524663677130045,0.040712468193384255,K004+KI07+KA03
svm,class_conditional,0.9,0.863677130044843,1.4878923766816143,0.5282511210762332,0.2088285229202037,K004+KI07+KA03
xgboost,marginal,0.9,0.8403587443946189,1.2448430493273543,0.7838565022421524,0.14874141876430202,K004+KI07+KA03
xgboost,class_conditional,0.9,0.6,0.7910313901345292,0.7354260089686099,0.2170731707317073,K004+KI07+KA03
random_forest,marginal,0.9,0.9219730941704036,2.1210762331838566,0.19820627802690582,0.29864253393665163,K004+KI07+KA05
random_forest,class_conditional,0.9,0.5820627802690583,1.2044843049327354,0.7040358744394619,0.4305732484076433,K004+KI07+KA05
svm,marginal,0.9,0.809865470852018,1.4484304932735426,0.5919282511210763,0.2909090909090909,K004+KI07+KA05
svm,class_conditional,0.9,0.5327354260089686,0.7973094170403587,0.7417040358744394,0.3022974607013301,K004+KI07+KA05
xgboost,marginal,0.9,0.8367713004484305,1.3713004484304934,0.7040358744394619,0.11082802547770698,K004+KI07+KA05
xgboost,class_conditional,0.9,0.5560538116591929,0.7874439461883408,0.7820627802690583,0.2924311926605505,K004+KI07+KA05
random_forest,marginal,0.9,0.9650224215246637,2.368609865470852,0.054708520179372194,0.032786885245901676,K004+KI07+KA06
random_forest,class_conditional,0.9,0.4098654708520179,1.0484304932735427,0.7273542600896861,0.6325524044389643,K004+KI07+KA06
svm,marginal,0.9,0.8367713004484305,1.4233183856502243,0.610762331838565,0.23788546255506604,K004+KI07+KA06
svm,class_conditional,0.9,0.5291479820627802,0.7273542600896861,0.7004484304932735,0.25608194622279135,K004+KI07+KA06
xgboost,marginal,0.9,0.8618834080717489,1.4403587443946189,0.6780269058295965,0.12698412698412698,K004+KI07+KA06
xgboost,class_conditional,0.9,0.49506726457399103,0.7076233183856502,0.7076233183856502,0.30038022813688214,K004+KI07+KA06
random_forest,marginal,0.9,0.9632286995515695,2.3739910313901347,0.060089686098654706,0.02985074626865669,K004+KI07+KA07
random_forest,class_conditional,0.9,0.39461883408071746,1.0161434977578476,0.6807174887892377,0.6245059288537549,K004+KI07+KA07
svm,marginal,0.9,0.8322869955156951,1.4161434977578475,0.6197309417040359,0.2489146164978292,K004+KI07+KA07
svm,class_conditional,0.9,0.4098654708520179,0.5919282511210763,0.5704035874439461,0.2940251572327044,K004+KI07+KA07
xgboost,marginal,0.9,0.852914798206278,1.4358744394618834,0.6825112107623318,0.13272010512483579,K004+KI07+KA07
xgboost,class_conditional,0.9,0.49865470852017935,0.7246636771300449,0.7246636771300449,0.31188118811881194,K004+KI07+KA07
random_forest,marginal,0.9,0.9721973094170404,2.3668161434977577,0.06547085201793722,0.0547945205479452,K004+KI07+KA08
random_forest,class_conditional,0.9,0.43228699551569505,1.042152466367713,0.6313901345291479,0.578125,K004+KI07+KA08
svm,marginal,0.9,0.8322869955156951,1.4179372197309417,0.6179372197309417,0.2496371552975326,K004+KI07+KA08
svm,class_conditional,0.9,0.4134529147982063,0.5973094170403588,0.5721973094170404,0.2915360501567398,K004+KI07+KA08
xgboost,marginal,0.9,0.8618834080717489,1.4654708520179371,0.6573991031390135,0.11459754433833558,K004+KI07+KA08
xgboost,class_conditional,0.9,0.4609865470852018,0.6771300448430493,0.6771300448430493,0.31920529801324504,K004+KI07+KA08
random_forest,marginal,0.9,0.9614349775784753,2.2860986547085203,0.08789237668161436,0.0714285714285714,K004+KI07+KA09
random_forest,class_conditional,0.9,0.46995515695067264,1.0224215246636772,0.7192825112107624,0.5286783042394014,K004+KI07+KA09
svm,marginal,0.9,0.8286995515695067,1.4161434977578475,0.6197309417040359,0.2547033285094067,K004+KI07+KA09
svm,class_conditional,0.9,0.4439461883408072,0.6322869955156951,0.6089686098654709,0.28276877761413843,K004+KI07+KA09
xgboost,marginal,0.9,0.8708520179372198,1.4645739910313902,0.6591928251121076,0.10340136054421767,K004+KI07+KA09
xgboost,class_conditional,0.9,0.48161434977578477,0.6896860986547085,0.6896860986547085,0.3016905071521456,K004+KI07+KA09
random_forest,marginal,0.9,0.9605381165919282,2.4573991031390134,0.08071748878923767,0.07777777777777772,K004+KI08+KA01
random_forest,class_conditional,0.9,0.737219730941704,1.705829596412556,0.3112107623318386,0.2276657060518732,K004+KI08+KA01
svm,marginal,0.9,0.7946188340807175,1.6538116591928251,0.47085201793721976,0.4019047619047619,K004+KI08+KA01
svm,class_conditional,0.9,0.7067264573991031,1.3506726457399103,0.6591928251121076,0.3387755102040816,K004+KI08+KA01
xgboost,marginal,0.9,0.8825112107623319,1.5300448430493274,0.6278026905829597,0.09999999999999998,K004+KI08+KA01
xgboost,class_conditional,0.9,0.736322869955157,1.2457399103139013,0.736322869955157,0.16443361753958585,K004+KI08+KA01
random_forest,marginal,0.9,0.9479820627802691,2.2152466367713006,0.12466367713004484,0.12230215827338131,K004+KI08+KA03
random_forest,class_conditional,0.9,0.7085201793721974,1.4017937219730943,0.5461883408071749,0.25287356321839083,K004+KI08+KA03
svm,marginal,0.9,0.9255605381165919,1.9946188340807174,0.22869955156950672,0.16470588235294115,K004+KI08+KA03
svm,class_conditional,0.9,0.7973094170403587,1.5237668161434978,0.5452914798206278,0.22532894736842102,K004+KI08+KA03
xgboost,marginal,0.9,0.8367713004484305,1.2358744394618835,0.810762331838565,0.1581858407079646,K004+KI08+KA03
xgboost,class_conditional,0.9,0.7013452914798206,0.8914798206278027,0.8789237668161435,0.2091836734693877,K004+KI08+KA03
random_forest,marginal,0.9,0.8977578475336323,1.9838565022421524,0.2932735426008969,0.25382262996941896,K004+KI08+KA05
random_forest,class_conditional,0.9,0.7336322869955157,1.4762331838565022,0.5237668161434977,0.24315068493150682,K004+KI08+KA05
svm,marginal,0.9,0.8215246636771301,1.6161434977578475,0.48251121076233183,0.3197026022304833,K004+KI08+KA05
svm,class_conditional,0.9,0.6421524663677131,1.1121076233183858,0.7515695067264574,0.26133651551312653,K004+KI08+KA05
xgboost,marginal,0.9,0.8331838565022421,1.3982062780269058,0.7067264573991031,0.12563451776649748,K004+KI08+KA05
xgboost,class_conditional,0.9,0.683408071748879,0.9632286995515695,0.9542600896860987,0.2857142857142857,K004+KI08+KA05
random_forest,marginal,0.9,0.9587443946188341,2.2896860986547085,0.15784753363228698,0.022727272727272707,K004+KI08+KA06
random_forest,class_conditional,0.9,0.6475336322869956,1.3641255605381166,0.5426008968609866,0.35041322314049583,K004+KI08+KA06
svm,marginal,0.9,0.810762331838565,1.5219730941704035,0.5327354260089686,0.303030303030303,K004+KI08+KA06
svm,class_conditional,0.9,0.6914798206278027,1.104932735426009,0.7730941704035874,0.20881670533642693,K004+KI08+KA06
xgboost,marginal,0.9,0.852914798206278,1.4295964125560539,0.695067264573991,0.152258064516129,K004+KI08+KA06
xgboost,class_conditional,0.9,0.6367713004484304,0.9883408071748879,0.7515695067264574,0.2243436754176611,K004+KI08+KA06
random_forest,marginal,0.9,0.9497757847533632,2.2170403587443945,0.17040358744394618,0.010526315789473717,K004+KI08+KA07
random_forest,class_conditional,0.9,0.48878923766816146,1.1506726457399103,0.4744394618834081,0.47448015122873344,K004+KI08+KA07
svm,marginal,0.9,0.7973094170403587,1.5013452914798207,0.5542600896860986,0.3236245954692557,K004+KI08+KA07
svm,class_conditional,0.9,0.4923766816143498,0.8295964125560538,0.5695067264573991,0.2236220472440945,K004+KI08+KA07
xgboost,marginal,0.9,0.852914798206278,1.4493273542600897,0.6771300448430493,0.1364238410596027,K004+KI08+KA07
xgboost,class_conditional,0.9,0.6475336322869956,1.0188340807174887,0.7748878923766817,0.2314814814814815,K004+KI08+KA07
random_forest,marginal,0.9,0.9605381165919282,2.253811659192825,0.16053811659192826,0.022346368715083775,K004+KI08+KA08
random_forest,class_conditional,0.9,0.48789237668161434,1.2349775784753363,0.6017937219730942,0.5692995529061102,K004+KI08+KA08
svm,marginal,0.9,0.8017937219730942,1.5094170403587444,0.5479820627802691,0.31587561374795414,K004+KI08+KA08
svm,class_conditional,0.9,0.4923766816143498,0.8286995515695067,0.5668161434977579,0.21993670886075944,K004+KI08+KA08
xgboost,marginal,0.9,0.8600896860986547,1.4663677130044843,0.6654708520179372,0.1307277628032345,K004+KI08+KA08
xgboost,class_conditional,0.9,0.6385650224215247,1.0026905829596413,0.7533632286995515,0.22142857142857142,K004+KI08+KA08
random_forest,marginal,0.9,0.9452914798206278,2.1390134529147984,0.19103139013452916,0.05164319248826288,K004+KI08+KA09
random_forest,class_conditional,0.9,0.5802690582959641,1.1928251121076232,0.5973094170403588,0.4054054054054054,K004+KI08+KA09
svm,marginal,0.9,0.7865470852017937,1.504932735426009,0.5488789237668161,0.33496732026143794,K004+KI08+KA09
svm,class_conditional,0.9,0.6905829596412556,1.115695067264574,0.7802690582959642,0.22528735632183905,K004+KI08+KA09
xgboost,marginal,0.9,0.8609865470852018,1.4771300448430493,0.6538116591928251,0.12620027434842251,K004+KI08+KA09
xgboost,class_conditional,0.9,0.6618834080717488,0.9991031390134529,0.8251121076233184,0.241304347826087,K004+KI08+KA09
