n_per_class,model,calibration_set,calibration,metric,mean,p2.5,p97.5
1,random_forest,combined,conformal_class_conditional,coverage,0.7021,0.4782,0.9193
1,random_forest,combined,conformal_class_conditional,mean_set_size,1.2159,0.7635,1.8095
1,random_forest,combined,conformal_marginal,coverage,0.748,0.5265,0.9593
1,random_forest,combined,conformal_marginal,mean_set_size,1.2946,0.7544,1.9782
1,random_forest,combined,isotonic,accuracy,0.6715,0.5722,0.7666
1,random_forest,combined,isotonic,auto_error@5%,0.2255,0.0185,0.4275
1,random_forest,combined,isotonic,auto_rate@5%,0.7247,0.3776,0.9997
1,random_forest,combined,isotonic,ece,0.1934,0.0571,0.3523
1,random_forest,combined,raw,accuracy,0.6825,0.6214,0.7725
1,random_forest,combined,raw,auto_error@5%,0.193,0.0236,0.3636
1,random_forest,combined,raw,auto_rate@5%,0.6142,0.2874,0.9911
1,random_forest,combined,raw,ece,0.1873,0.1146,0.2488
1,random_forest,combined,temperature,accuracy,0.6825,0.6214,0.7725
1,random_forest,combined,temperature,auto_error@5%,0.1935,0.022,0.3645
1,random_forest,combined,temperature,auto_rate@5%,0.6135,0.2533,0.9899
1,random_forest,combined,temperature,ece,0.1659,0.0654,0.2915
1,random_forest,source,conformal_class_conditional,coverage,0.6172,0.4871,0.7623
1,random_forest,source,conformal_class_conditional,mean_set_size,0.8965,0.7432,1.0925
1,random_forest,source,conformal_marginal,coverage,0.6323,0.507,0.766
1,random_forest,source,conformal_marginal,mean_set_size,0.8854,0.6792,1.0864
1,random_forest,source,isotonic,accuracy,0.6598,0.5524,0.7518
1,random_forest,source,isotonic,auto_error@5%,0.3315,0.2228,0.4469
1,random_forest,source,isotonic,auto_rate@5%,0.9691,0.853,0.9997
1,random_forest,source,isotonic,ece,0.262,0.1745,0.3468
1,random_forest,source,raw,accuracy,0.6825,0.6214,0.7725
1,random_forest,source,raw,auto_error@5%,0.2788,0.1694,0.3629
1,random_forest,source,raw,auto_rate@5%,0.8704,0.6623,0.9954
1,random_forest,source,raw,ece,0.1873,0.1146,0.2488
1,random_forest,source,temperature,accuracy,0.6825,0.6214,0.7725
1,random_forest,source,temperature,auto_error@5%,0.2795,0.1664,0.3643
1,random_forest,source,temperature,auto_rate@5%,0.8727,0.6555,0.9954
1,random_forest,source,temperature,ece,0.2017,0.1199,0.2937
1,random_forest,target,conformal_class_conditional,coverage,0.6869,0.4192,0.9585
1,random_forest,target,conformal_class_conditional,mean_set_size,1.3013,0.7219,2.0201
1,random_forest,target,conformal_marginal,coverage,0.7788,0.5155,0.9815
1,random_forest,target,conformal_marginal,mean_set_size,1.4815,0.7458,2.274
1,random_forest,target,isotonic,accuracy,0.6444,0.5185,0.7698
1,random_forest,target,isotonic,auto_error@5%,0.228,0.015,0.4473
1,random_forest,target,isotonic,auto_rate@5%,0.6262,0.0,0.9801
1,random_forest,target,isotonic,ece,0.2139,0.0558,0.4022
1,random_forest,target,raw,accuracy,0.6825,0.6214,0.7725
1,random_forest,target,raw,auto_error@5%,0.1953,0.0053,0.3636
1,random_forest,target,raw,auto_rate@5%,0.507,0.0,0.9921
1,random_forest,target,raw,ece,0.1873,0.1146,0.2488
1,random_forest,target,temperature,accuracy,0.6825,0.6214,0.7725
1,random_forest,target,temperature,auto_error@5%,0.1944,0.005,0.3633
1,random_forest,target,temperature,auto_rate@5%,0.5099,0.0,0.9883
1,random_forest,target,temperature,ece,0.1953,0.0518,0.3172
1,svm,combined,conformal_class_conditional,coverage,0.7075,0.4427,0.9125
1,svm,combined,conformal_class_conditional,mean_set_size,1.2338,0.6822,1.7926
1,svm,combined,conformal_marginal,coverage,0.762,0.5301,0.9576
1,svm,combined,conformal_marginal,mean_set_size,1.367,0.7406,2.2172
1,svm,combined,isotonic,accuracy,0.6833,0.5882,0.7745
1,svm,combined,isotonic,auto_error@5%,0.2265,0.0022,0.4118
1,svm,combined,isotonic,auto_rate@5%,0.7082,0.0495,0.9995
1,svm,combined,isotonic,ece,0.1909,0.035,0.3329
1,svm,combined,raw,accuracy,0.6727,0.5477,0.7759
1,svm,combined,raw,auto_error@5%,0.1804,0.0,0.3654
1,svm,combined,raw,auto_rate@5%,0.5842,0.1823,0.9931
1,svm,combined,raw,ece,0.2028,0.124,0.2792
1,svm,combined,temperature,accuracy,0.6727,0.5477,0.7759
1,svm,combined,temperature,auto_error@5%,0.18,0.0025,0.3655
1,svm,combined,temperature,auto_rate@5%,0.5799,0.1679,0.992
1,svm,combined,temperature,ece,0.1482,0.0384,0.2778
1,svm,source,conformal_class_conditional,coverage,0.6228,0.4662,0.7939
1,svm,source,conformal_class_conditional,mean_set_size,0.8987,0.6473,1.1737
1,svm,source,conformal_marginal,coverage,0.67,0.5145,0.8175
1,svm,source,conformal_marginal,mean_set_size,0.9809,0.6934,1.3652
1,svm,source,isotonic,accuracy,0.6786,0.5957,0.7661
1,svm,source,isotonic,auto_error@5%,0.3054,0.1961,0.4001
1,svm,source,isotonic,auto_rate@5%,0.9579,0.8164,0.9989
1,svm,source,isotonic,ece,0.2513,0.1409,0.3311
1,svm,source,raw,accuracy,0.6727,0.5477,0.7759
1,svm,source,raw,auto_error@5%,0.2599,0.1431,0.3639
1,svm,source,raw,auto_rate@5%,0.8205,0.5955,0.9963
1,svm,source,raw,ece,0.2028,0.124,0.2792
1,svm,source,temperature,accuracy,0.6727,0.5477,0.7759
1,svm,source,temperature,auto_error@5%,0.259,0.1419,0.3637
1,svm,source,temperature,auto_rate@5%,0.8165,0.5422,0.9966
1,svm,source,temperature,ece,0.1858,0.0628,0.2945
1,svm,target,conformal_class_conditional,coverage,0.6607,0.3492,0.9413
1,svm,target,conformal_class_conditional,mean_set_size,1.2439,0.6007,1.8996
1,svm,target,conformal_marginal,coverage,0.7715,0.4497,0.9838
1,svm,target,conformal_marginal,mean_set_size,1.5403,0.7131,2.5072
1,svm,target,isotonic,accuracy,0.6316,0.4754,0.7787
1,svm,target,isotonic,auto_error@5%,0.2656,0.0045,0.5225
1,svm,target,isotonic,auto_rate@5%,0.6576,0.0,0.9983
1,svm,target,isotonic,ece,0.232,0.0711,0.435
1,svm,target,raw,accuracy,0.6727,0.5477,0.7759
1,svm,target,raw,auto_error@5%,0.1882,0.0051,0.4508
1,svm,target,raw,auto_rate@5%,0.5131,0.0,0.9798
1,svm,target,raw,ece,0.2028,0.124,0.2792
1,svm,target,temperature,accuracy,0.6727,0.5477,0.7759
1,svm,target,temperature,auto_error@5%,0.1773,0.0,0.4466
1,svm,target,temperature,auto_rate@5%,0.5161,0.0,0.9887
1,svm,target,temperature,ece,0.1848,0.0406,0.3444
1,xgboost,combined,conformal_class_conditional,coverage,0.7087,0.4926,0.9125
1,xgboost,combined,conformal_class_conditional,mean_set_size,1.2067,0.7812,1.5952
1,xgboost,combined,conformal_marginal,coverage,0.7562,0.5493,0.9487
1,xgboost,combined,conformal_marginal,mean_set_size,1.2987,0.8079,1.8494
1,xgboost,combined,isotonic,accuracy,0.6719,0.5799,0.7705
1,xgboost,combined,isotonic,auto_error@5%,0.2172,0.0348,0.4191
1,xgboost,combined,isotonic,auto_rate@5%,0.7151,0.4088,0.9997
1,xgboost,combined,isotonic,ece,0.1869,0.0437,0.3394
1,xgboost,combined,raw,accuracy,0.6841,0.6219,0.7651
1,xgboost,combined,raw,auto_error@5%,0.1865,0.0104,0.3682
1,xgboost,combined,raw,auto_rate@5%,0.6114,0.1634,0.9714
1,xgboost,combined,raw,ece,0.2608,0.1882,0.3169
1,xgboost,combined,temperature,accuracy,0.6841,0.6219,0.7651
1,xgboost,combined,temperature,auto_error@5%,0.1853,0.0131,0.3681
1,xgboost,combined,temperature,auto_rate@5%,0.6176,0.1908,0.9668
1,xgboost,combined,temperature,ece,0.1624,0.0474,0.2984
1,xgboost,source,conformal_class_conditional,coverage,0.6325,0.5042,0.7559
1,xgboost,source,conformal_class_conditional,mean_set_size,0.9277,0.7405,1.1209
1,xgboost,source,conformal_marginal,coverage,0.6556,0.5229,0.7705
1,xgboost,source,conformal_marginal,mean_set_size,0.9361,0.7252,1.1213
1,xgboost,source,isotonic,accuracy,0.6662,0.5843,0.756
1,xgboost,source,isotonic,auto_error@5%,0.3202,0.2015,0.4097
1,xgboost,source,isotonic,auto_rate@5%,0.9584,0.8138,1.0
1,xgboost,source,isotonic,ece,0.253,0.1481,0.3295
1,xgboost,source,raw,accuracy,0.6841,0.6219,0.7651
1,xgboost,source,raw,auto_error@5%,0.2782,0.1866,0.3598
1,xgboost,source,raw,auto_rate@5%,0.882,0.712,0.9975
1,xgboost,source,raw,ece,0.2608,0.1882,0.3169
1,xgboost,source,temperature,accuracy,0.6841,0.6219,0.7651
1,xgboost,source,temperature,auto_error@5%,0.2744,0.1833,0.3588
1,xgboost,source,temperature,auto_rate@5%,0.8723,0.6976,0.9963
1,xgboost,source,temperature,ece,0.2127,0.1471,0.2903
1,xgboost,target,conformal_class_conditional,coverage,0.6961,0.4159,0.9419
1,xgboost,target,conformal_class_conditional,mean_set_size,1.2593,0.6959,1.7883
1,xgboost,target,conformal_marginal,coverage,0.7855,0.5444,0.9727
1,xgboost,target,conformal_marginal,mean_set_size,1.4599,0.7981,2.1068
1,xgboost,target,isotonic,accuracy,0.6412,0.5141,0.7664
1,xgboost,target,isotonic,auto_error@5%,0.2139,0.0083,0.4696
1,xgboost,target,isotonic,auto_rate@5%,0.6439,0.2183,0.9846
1,xgboost,target,isotonic,ece,0.2111,0.0687,0.4217
1,xgboost,target,raw,accuracy,0.6841,0.6219,0.7651
1,xgboost,target,raw,auto_error@5%,0.1646,0.0,0.3701
1,xgboost,target,raw,auto_rate@5%,0.5006,0.031,0.9858
1,xgboost,target,raw,ece,0.2608,0.1882,0.3169
1,xgboost,target,temperature,accuracy,0.6841,0.6219,0.7651
1,xgboost,target,temperature,auto_error@5%,0.1604,0.0,0.3699
1,xgboost,target,temperature,auto_rate@5%,0.5164,0.0777,0.9852
1,xgboost,target,temperature,ece,0.1862,0.0677,0.3266
2,random_forest,combined,conformal_class_conditional,coverage,0.7966,0.4969,0.9688
2,random_forest,combined,conformal_class_conditional,mean_set_size,1.4533,0.9897,1.8173
2,random_forest,combined,conformal_marginal,coverage,0.8086,0.5351,0.9832
2,random_forest,combined,conformal_marginal,mean_set_size,1.4971,0.9682,1.9119
2,random_forest,combined,isotonic,accuracy,0.6775,0.5139,0.828
2,random_forest,combined,isotonic,auto_error@5%,0.1475,0.0114,0.4631
2,random_forest,combined,isotonic,auto_rate@5%,0.5669,0.3656,0.8457
2,random_forest,combined,isotonic,ece,0.1641,0.0644,0.355
2,random_forest,combined,raw,accuracy,0.6799,0.5467,0.8423
2,random_forest,combined,raw,auto_error@5%,0.1383,0.0119,0.3951
2,random_forest,combined,raw,auto_rate@5%,0.4587,0.2643,0.8005
2,random_forest,combined,raw,ece,0.1975,0.0777,0.3287
2,random_forest,combined,temperature,accuracy,0.6799,0.5467,0.8423
2,random_forest,combined,temperature,auto_error@5%,0.1367,0.012,0.395
2,random_forest,combined,temperature,auto_rate@5%,0.4564,0.2597,0.8031
2,random_forest,combined,temperature,ece,0.1368,0.0377,0.3237
2,random_forest,source,conformal_class_conditional,coverage,0.6125,0.4269,0.7764
2,random_forest,source,conformal_class_conditional,mean_set_size,0.8946,0.6991,1.0272
2,random_forest,source,conformal_marginal,coverage,0.6405,0.4644,0.8343
2,random_forest,source,conformal_marginal,mean_set_size,0.9025,0.7159,1.0696
2,random_forest,source,isotonic,accuracy,0.6506,0.4791,0.8459
2,random_forest,source,isotonic,auto_error@5%,0.3369,0.1435,0.5106
2,random_forest,source,isotonic,auto_rate@5%,0.9571,0.772,1.0
2,random_forest,source,isotonic,ece,0.2697,0.0946,0.3911
2,random_forest,source,raw,accuracy,0.6799,0.5467,0.8423
2,random_forest,source,raw,auto_error@5%,0.2787,0.1044,0.4315
2,random_forest,source,raw,auto_rate@5%,0.8703,0.6504,0.993
2,random_forest,source,raw,ece,0.1975,0.0777,0.3287
2,random_forest,source,temperature,accuracy,0.6799,0.5467,0.8423
2,random_forest,source,temperature,auto_error@5%,0.2789,0.1032,0.4308
2,random_forest,source,temperature,auto_rate@5%,0.8711,0.6563,0.9937
2,random_forest,source,temperature,ece,0.2115,0.067,0.3307
2,random_forest,target,conformal_class_conditional,coverage,0.8146,0.5015,0.9801
2,random_forest,target,conformal_class_conditional,mean_set_size,1.5707,1.0552,1.9716
2,random_forest,target,conformal_marginal,coverage,0.8493,0.5738,0.9914
2,random_forest,target,conformal_marginal,mean_set_size,1.7224,1.06,2.2162
2,random_forest,target,isotonic,accuracy,0.6692,0.4927,0.8297
2,random_forest,target,isotonic,auto_error@5%,0.1268,0.0082,0.4462
2,random_forest,target,isotonic,auto_rate@5%,0.488,0.2428,0.8192
2,random_forest,target,isotonic,ece,0.1638,0.0575,0.362
2,random_forest,target,raw,accuracy,0.6799,0.5467,0.8423
2,random_forest,target,raw,auto_error@5%,0.1117,0.0054,0.3811
2,random_forest,target,raw,auto_rate@5%,0.3819,0.1512,0.7711
2,random_forest,target,raw,ece,0.1975,0.0777,0.3287
2,random_forest,target,temperature,accuracy,0.6799,0.5467,0.8423
2,random_forest,target,temperature,auto_error@5%,0.1122,0.0056,0.3835
2,random_forest,target,temperature,auto_rate@5%,0.3845,0.155,0.7743
2,random_forest,target,temperature,ece,0.165,0.022,0.3306
2,svm,combined,conformal_class_conditional,coverage,0.7954,0.506,0.967
2,svm,combined,conformal_class_conditional,mean_set_size,1.5151,0.9662,1.84
2,svm,combined,conformal_marginal,coverage,0.8123,0.5716,0.9805
2,svm,combined,conformal_marginal,mean_set_size,1.5556,1.0189,2.2278
2,svm,combined,isotonic,accuracy,0.687,0.5317,0.8531
2,svm,combined,isotonic,auto_error@5%,0.1482,0.008,0.4197
2,svm,combined,isotonic,auto_rate@5%,0.5732,0.2806,0.8633
2,svm,combined,isotonic,ece,0.1622,0.0627,0.3475
2,svm,combined,raw,accuracy,0.6721,0.5018,0.8496
2,svm,combined,raw,auto_error@5%,0.1321,0.0064,0.3774
2,svm,combined,raw,auto_rate@5%,0.4464,0.2131,0.7705
2,svm,combined,raw,ece,0.2079,0.082,0.329
2,svm,combined,temperature,accuracy,0.6721,0.5018,0.8496
2,svm,combined,temperature,auto_error@5%,0.1296,0.0073,0.3776
2,svm,combined,temperature,auto_rate@5%,0.4413,0.2122,0.7521
2,svm,combined,temperature,ece,0.1228,0.0266,0.2894
2,svm,source,conformal_class_conditional,coverage,0.62,0.3732,0.8002
2,svm,source,conformal_class_conditional,mean_set_size,0.8845,0.5576,1.1059
2,svm,source,conformal_marginal,coverage,0.6719,0.5148,0.8503
2,svm,source,conformal_marginal,mean_set_size,0.9845,0.6518,1.4372
2,svm,source,isotonic,accuracy,0.6805,0.5138,0.8415
2,svm,source,isotonic,auto_error@5%,0.3009,0.1359,0.4847
2,svm,source,isotonic,auto_rate@5%,0.951,0.8423,0.9996
2,svm,source,isotonic,ece,0.2527,0.1028,0.4256
2,svm,source,raw,accuracy,0.6721,0.5018,0.8496
2,svm,source,raw,auto_error@5%,0.2549,0.0928,0.3981
2,svm,source,raw,auto_rate@5%,0.8049,0.51,0.9969
2,svm,source,raw,ece,0.2079,0.082,0.329
2,svm,source,temperature,accuracy,0.6721,0.5018,0.8496
2,svm,source,temperature,auto_error@5%,0.253,0.0889,0.4018
2,svm,source,temperature,auto_rate@5%,0.7969,0.4415,0.9965
2,svm,source,temperature,ece,0.1865,0.0404,0.3479
2,svm,target,conformal_class_conditional,coverage,0.8117,0.5159,0.9845
2,svm,target,conformal_class_conditional,mean_set_size,1.618,1.0344,1.9583
2,svm,target,conformal_marginal,coverage,0.8508,0.6039,0.9993
2,svm,target,conformal_marginal,mean_set_size,1.8227,1.0875,2.4198
2,svm,target,isotonic,accuracy,0.6679,0.4901,0.8556
2,svm,target,isotonic,auto_error@5%,0.1272,0.0,0.4277
2,svm,target,isotonic,auto_rate@5%,0.5013,0.2473,0.8277
2,svm,target,isotonic,ece,0.176,0.075,0.3355
2,svm,target,raw,accuracy,0.6721,0.5018,0.8496
2,svm,target,raw,auto_error@5%,0.1018,0.0,0.3598
2,svm,target,raw,auto_rate@5%,0.3663,0.1876,0.7556
2,svm,target,raw,ece,0.2079,0.082,0.329
2,svm,target,temperature,accuracy,0.6721,0.5018,0.8496
2,svm,target,temperature,auto_error@5%,0.1002,0.0,0.3628
2,svm,target,temperature,auto_rate@5%,0.3715,0.1807,0.7579
2,svm,target,temperature,ece,0.1337,0.0427,0.2894
2,xgboost,combined,conformal_class_conditional,coverage,0.7916,0.5135,0.9688
2,xgboost,combined,conformal_class_conditional,mean_set_size,1.4334,1.0078,1.7468
2,xgboost,combined,conformal_marginal,coverage,0.8057,0.5398,0.9787
2,xgboost,combined,conformal_marginal,mean_set_size,1.4777,1.0112,1.8625
2,xgboost,combined,isotonic,accuracy,0.671,0.5199,0.831
2,xgboost,combined,isotonic,auto_error@5%,0.1465,0.0075,0.4445
2,xgboost,combined,isotonic,auto_rate@5%,0.5666,0.4015,0.8477
2,xgboost,combined,isotonic,ece,0.1647,0.0619,0.352
2,xgboost,combined,raw,accuracy,0.6806,0.5549,0.8332
2,xgboost,combined,raw,auto_error@5%,0.1337,0.0,0.3905
2,xgboost,combined,raw,auto_rate@5%,0.4276,0.1002,0.776
2,xgboost,combined,raw,ece,0.2683,0.1383,0.3788
2,xgboost,combined,temperature,accuracy,0.6806,0.5549,0.8332
2,xgboost,combined,temperature,auto_error@5%,0.1323,0.0014,0.391
2,xgboost,combined,temperature,auto_rate@5%,0.4398,0.1332,0.7766
2,xgboost,combined,temperature,ece,0.1522,0.064,0.3127
2,xgboost,source,conformal_class_conditional,coverage,0.6198,0.4467,0.7817
2,xgboost,source,conformal_class_conditional,mean_set_size,0.9045,0.7056,1.0644
2,xgboost,source,conformal_marginal,coverage,0.6531,0.5031,0.8277
2,xgboost,source,conformal_marginal,mean_set_size,0.9307,0.7189,1.0841
2,xgboost,source,isotonic,accuracy,0.6616,0.5112,0.84
2,xgboost,source,isotonic,auto_error@5%,0.3217,0.1473,0.4634
2,xgboost,source,isotonic,auto_rate@5%,0.9461,0.7906,0.9996
2,xgboost,source,isotonic,ece,0.2619,0.1061,0.3724
2,xgboost,source,raw,accuracy,0.6806,0.5549,0.8332
2,xgboost,source,raw,auto_error@5%,0.2849,0.1155,0.4357
2,xgboost,source,raw,auto_rate@5%,0.895,0.7215,0.9996
2,xgboost,source,raw,ece,0.2683,0.1383,0.3788
2,xgboost,source,temperature,accuracy,0.6806,0.5549,0.8332
2,xgboost,source,temperature,auto_error@5%,0.2815,0.114,0.4355
2,xgboost,source,temperature,auto_rate@5%,0.8868,0.7116,0.9996
2,xgboost,source,temperature,ece,0.2248,0.0802,0.3344
2,xgboost,target,conformal_class_conditional,coverage,0.8043,0.5132,0.9817
2,xgboost,target,conformal_class_conditional,mean_set_size,1.511,1.0514,1.8545
2,xgboost,target,conformal_marginal,coverage,0.8442,0.5821,0.9862
2,xgboost,target,conformal_marginal,mean_set_size,1.6637,1.065,2.0664
2,xgboost,target,isotonic,accuracy,0.6602,0.5013,0.8317
2,xgboost,target,isotonic,auto_error@5%,0.1214,0.0058,0.4206
2,xgboost,target,isotonic,auto_rate@5%,0.4885,0.2828,0.8165
2,xgboost,target,isotonic,ece,0.1633,0.0669,0.3487
2,xgboost,target,raw,accuracy,0.6806,0.5549,0.8332
2,xgboost,target,raw,auto_error@5%,0.1079,0.0,0.3635
2,xgboost,target,raw,auto_rate@5%,0.332,0.0143,0.7599
2,xgboost,target,raw,ece,0.2683,0.1383,0.3788
2,xgboost,target,temperature,accuracy,0.6806,0.5549,0.8332
2,xgboost,target,temperature,auto_error@5%,0.106,0.0,0.3658
2,xgboost,target,temperature,auto_rate@5%,0.3525,0.0263,0.7632
2,xgboost,target,temperature,ece,0.1558,0.0649,0.3132
